-- GiveReady Import from Every.org
-- Generated: 2026-04-05T17:50:32.715Z
-- Total nonprofits: 162

INSERT OR IGNORE INTO nonprofits (id, slug, name, tagline, mission, description, website, donation_url, country, city, region, founded_year, annual_budget_usd, budget_year, team_size, beneficiaries_per_year, contact_email, verified, ghd_aligned) VALUES (
  'every-921124893',
  'youths-empowerment-corporation',
  'Youths Empowerment Corporation',
  '',
  'An organization focused on youth development. It received its nonprofit status in 2022.',
  'An organization focused on youth development. It received its nonprofit status in 2022.',
  '',
  'https://www.every.org/youths-empowerment-corporation#/donate',
  'United States',
  '',
  '',
  NULL,
  NULL,
  NULL,
  NULL,
  NULL,
  '',
  1,
  0
);

INSERT OR IGNORE INTO nonprofit_causes (nonprofit_id, cause_id) VALUES ('every-921124893', 'youth-empowerment');

INSERT OR IGNORE INTO registrations (id, nonprofit_id, country, type, registration_number) VALUES ('every-921124893-us', 'every-921124893', 'United States', '501(c)(3)', '921124893');

INSERT OR IGNORE INTO nonprofits (id, slug, name, tagline, mission, description, website, donation_url, country, city, region, founded_year, annual_budget_usd, budget_year, team_size, beneficiaries_per_year, contact_email, verified, ghd_aligned) VALUES (
  'every-873224950',
  'children-youths-empowerment-initiatives-inc',
  'Children & Youths Empowerment Initiatives Inc',
  '',
  'An organization focused on youth development. It received its nonprofit status in 2022.',
  'An organization focused on youth development. It received its nonprofit status in 2022.',
  '',
  'https://www.every.org/children-youths-empowerment-initiatives-inc#/donate',
  'United States',
  '',
  '',
  NULL,
  NULL,
  NULL,
  NULL,
  NULL,
  '',
  1,
  0
);

INSERT OR IGNORE INTO nonprofit_causes (nonprofit_id, cause_id) VALUES ('every-873224950', 'youth-empowerment');

INSERT OR IGNORE INTO registrations (id, nonprofit_id, country, type, registration_number) VALUES ('every-873224950-us', 'every-873224950', 'United States', '501(c)(3)', '873224950');

INSERT OR IGNORE INTO nonprofits (id, slug, name, tagline, mission, description, website, donation_url, country, city, region, founded_year, annual_budget_usd, budget_year, team_size, beneficiaries_per_year, contact_email, verified, ghd_aligned) VALUES (
  'every-851557340',
  'community-youth-empowerment',
  'Community Youth Empowerment',
  '',
  'An organization focused on education. It received its nonprofit status in 2021.',
  'An organization focused on education. It received its nonprofit status in 2021.',
  '',
  'https://www.every.org/community-youth-empowerment#/donate',
  'United States',
  '',
  '',
  NULL,
  NULL,
  NULL,
  NULL,
  NULL,
  '',
  1,
  0
);

INSERT OR IGNORE INTO nonprofit_causes (nonprofit_id, cause_id) VALUES ('every-851557340', 'youth-empowerment');

INSERT OR IGNORE INTO registrations (id, nonprofit_id, country, type, registration_number) VALUES ('every-851557340-us', 'every-851557340', 'United States', '501(c)(3)', '851557340');

INSERT OR IGNORE INTO nonprofits (id, slug, name, tagline, mission, description, website, donation_url, country, city, region, founded_year, annual_budget_usd, budget_year, team_size, beneficiaries_per_year, contact_email, verified, ghd_aligned) VALUES (
  'every-813960870',
  'urban-youth-empowerment',
  'Urban Youth Empowerment',
  '',
  'Urban Youth Empowerment is a nonprofit organization focused on youth development. It is based in Saint Louis, MO. It received its nonprofit status in 2017.',
  'Urban Youth Empowerment is a nonprofit organization focused on youth development. It is based in Saint Louis, MO. It received its nonprofit status in 2017.',
  '',
  'https://www.every.org/urban-youth-empowerment#/donate',
  'United States',
  '',
  '',
  NULL,
  NULL,
  NULL,
  NULL,
  NULL,
  '',
  1,
  0
);

INSERT OR IGNORE INTO nonprofit_causes (nonprofit_id, cause_id) VALUES ('every-813960870', 'youth-empowerment');

INSERT OR IGNORE INTO registrations (id, nonprofit_id, country, type, registration_number) VALUES ('every-813960870-us', 'every-813960870', 'United States', '501(c)(3)', '813960870');

INSERT OR IGNORE INTO nonprofits (id, slug, name, tagline, mission, description, website, donation_url, country, city, region, founded_year, annual_budget_usd, budget_year, team_size, beneficiaries_per_year, contact_email, verified, ghd_aligned) VALUES (
  'every-821427056',
  'youth-empowerment-strategist',
  'Youth Empowerment Strategist',
  '',
  'Youth Empowerment Strategist is a nonprofit organization focused on international issues. It is based in Montgomery, AL. It received its nonprofit status in 2017.',
  'Youth Empowerment Strategist is a nonprofit organization focused on international issues. It is based in Montgomery, AL. It received its nonprofit status in 2017.',
  '',
  'https://www.every.org/youth-empowerment-strategist#/donate',
  'United States',
  '',
  '',
  NULL,
  NULL,
  NULL,
  NULL,
  NULL,
  '',
  1,
  0
);

INSERT OR IGNORE INTO nonprofit_causes (nonprofit_id, cause_id) VALUES ('every-821427056', 'youth-empowerment');

INSERT OR IGNORE INTO registrations (id, nonprofit_id, country, type, registration_number) VALUES ('every-821427056-us', 'every-821427056', 'United States', '501(c)(3)', '821427056');

INSERT OR IGNORE INTO nonprofits (id, slug, name, tagline, mission, description, website, donation_url, country, city, region, founded_year, annual_budget_usd, budget_year, team_size, beneficiaries_per_year, contact_email, verified, ghd_aligned) VALUES (
  'every-825208693',
  'sangrock-youth-empowerment-initiative',
  'Sangrock Youth Empowerment Initiative',
  '',
  'Sangrock Youth Empowerment Initiative is a nonprofit organization focused on youth development. It is based in Charlotte, NC. It received its nonprofit status in 2018.',
  'Sangrock Youth Empowerment Initiative is a nonprofit organization focused on youth development. It is based in Charlotte, NC. It received its nonprofit status in 2018.',
  '',
  'https://www.every.org/sangrock-youth-empowerment-initiative#/donate',
  'United States',
  '',
  '',
  NULL,
  NULL,
  NULL,
  NULL,
  NULL,
  '',
  1,
  0
);

INSERT OR IGNORE INTO nonprofit_causes (nonprofit_id, cause_id) VALUES ('every-825208693', 'youth-empowerment');

INSERT OR IGNORE INTO registrations (id, nonprofit_id, country, type, registration_number) VALUES ('every-825208693-us', 'every-825208693', 'United States', '501(c)(3)', '825208693');

INSERT OR IGNORE INTO nonprofits (id, slug, name, tagline, mission, description, website, donation_url, country, city, region, founded_year, annual_budget_usd, budget_year, team_size, beneficiaries_per_year, contact_email, verified, ghd_aligned) VALUES (
  'every-823315118',
  'youth-empowerment-zone',
  'Youth Empowerment Zone',
  '',
  'Youth Empowerment Zone is a nonprofit organization focused on education. It is based in Southfield, MI. It received its nonprofit status in 2018.',
  'Youth Empowerment Zone is a nonprofit organization focused on education. It is based in Southfield, MI. It received its nonprofit status in 2018.',
  '',
  'https://www.every.org/youth-empowerment-zone#/donate',
  'United States',
  '',
  '',
  NULL,
  NULL,
  NULL,
  NULL,
  NULL,
  '',
  1,
  0
);

INSERT OR IGNORE INTO nonprofit_causes (nonprofit_id, cause_id) VALUES ('every-823315118', 'youth-empowerment');

INSERT OR IGNORE INTO registrations (id, nonprofit_id, country, type, registration_number) VALUES ('every-823315118-us', 'every-823315118', 'United States', '501(c)(3)', '823315118');

INSERT OR IGNORE INTO nonprofits (id, slug, name, tagline, mission, description, website, donation_url, country, city, region, founded_year, annual_budget_usd, budget_year, team_size, beneficiaries_per_year, contact_email, verified, ghd_aligned) VALUES (
  'every-932388061',
  'youth-empowerment-hub',
  'Youth Empowerment Hub',
  '',
  'An organization focused on youth development. It received its nonprofit status in 2023.',
  'An organization focused on youth development. It received its nonprofit status in 2023.',
  '',
  'https://www.every.org/youth-empowerment-hub#/donate',
  'United States',
  '',
  '',
  NULL,
  NULL,
  NULL,
  NULL,
  NULL,
  '',
  1,
  0
);

INSERT OR IGNORE INTO nonprofit_causes (nonprofit_id, cause_id) VALUES ('every-932388061', 'youth-empowerment');

INSERT OR IGNORE INTO registrations (id, nonprofit_id, country, type, registration_number) VALUES ('every-932388061-us', 'every-932388061', 'United States', '501(c)(3)', '932388061');

INSERT OR IGNORE INTO nonprofits (id, slug, name, tagline, mission, description, website, donation_url, country, city, region, founded_year, annual_budget_usd, budget_year, team_size, beneficiaries_per_year, contact_email, verified, ghd_aligned) VALUES (
  'every-851850610',
  'youth-empowerment-support',
  'Youth Empowerment & Support',
  '',
  'An organization focused on education. It received its nonprofit status in 2021.',
  'An organization focused on education. It received its nonprofit status in 2021.',
  '',
  'https://www.every.org/youth-empowerment-support#/donate',
  'United States',
  '',
  '',
  NULL,
  NULL,
  NULL,
  NULL,
  NULL,
  '',
  1,
  0
);

INSERT OR IGNORE INTO nonprofit_causes (nonprofit_id, cause_id) VALUES ('every-851850610', 'youth-empowerment');

INSERT OR IGNORE INTO registrations (id, nonprofit_id, country, type, registration_number) VALUES ('every-851850610-us', 'every-851850610', 'United States', '501(c)(3)', '851850610');

INSERT OR IGNORE INTO nonprofits (id, slug, name, tagline, mission, description, website, donation_url, country, city, region, founded_year, annual_budget_usd, budget_year, team_size, beneficiaries_per_year, contact_email, verified, ghd_aligned) VALUES (
  'every-853196344',
  'youth-empowerment-academy',
  'Youth Empowerment Academy',
  '',
  'An organization focused on education. It received its nonprofit status in 2021.',
  'An organization focused on education. It received its nonprofit status in 2021.',
  '',
  'https://www.every.org/youth-empowerment-academy#/donate',
  'United States',
  '',
  '',
  NULL,
  NULL,
  NULL,
  NULL,
  NULL,
  '',
  1,
  0
);

INSERT OR IGNORE INTO nonprofit_causes (nonprofit_id, cause_id) VALUES ('every-853196344', 'youth-empowerment');

INSERT OR IGNORE INTO registrations (id, nonprofit_id, country, type, registration_number) VALUES ('every-853196344-us', 'every-853196344', 'United States', '501(c)(3)', '853196344');

INSERT OR IGNORE INTO nonprofits (id, slug, name, tagline, mission, description, website, donation_url, country, city, region, founded_year, annual_budget_usd, budget_year, team_size, beneficiaries_per_year, contact_email, verified, ghd_aligned) VALUES (
  'every-562184997',
  'youth-empowerment-inc',
  'Youth Empowerment Inc',
  '',
  'Youth Empowerment Inc is a nonprofit organization focused on youth development. It is based in Spindale, NC. It received its nonprofit status in 2000.',
  'Youth Empowerment Inc is a nonprofit organization focused on youth development. It is based in Spindale, NC. It received its nonprofit status in 2000.',
  '',
  'https://www.every.org/youth-empowerment-inc#/donate',
  'United States',
  '',
  '',
  NULL,
  NULL,
  NULL,
  NULL,
  NULL,
  '',
  1,
  0
);

INSERT OR IGNORE INTO nonprofit_causes (nonprofit_id, cause_id) VALUES ('every-562184997', 'youth-empowerment');

INSERT OR IGNORE INTO registrations (id, nonprofit_id, country, type, registration_number) VALUES ('every-562184997-us', 'every-562184997', 'United States', '501(c)(3)', '562184997');

INSERT OR IGNORE INTO nonprofits (id, slug, name, tagline, mission, description, website, donation_url, country, city, region, founded_year, annual_budget_usd, budget_year, team_size, beneficiaries_per_year, contact_email, verified, ghd_aligned) VALUES (
  'every-854066234',
  'youth-empowerment-for-success',
  'Youth Empowerment For Success',
  '',
  'An organization focused on youth development. It received its nonprofit status in 2021.',
  'An organization focused on youth development. It received its nonprofit status in 2021.',
  '',
  'https://www.every.org/youth-empowerment-for-success#/donate',
  'United States',
  '',
  '',
  NULL,
  NULL,
  NULL,
  NULL,
  NULL,
  '',
  1,
  0
);

INSERT OR IGNORE INTO nonprofit_causes (nonprofit_id, cause_id) VALUES ('every-854066234', 'youth-empowerment');

INSERT OR IGNORE INTO registrations (id, nonprofit_id, country, type, registration_number) VALUES ('every-854066234-us', 'every-854066234', 'United States', '501(c)(3)', '854066234');

INSERT OR IGNORE INTO nonprofits (id, slug, name, tagline, mission, description, website, donation_url, country, city, region, founded_year, annual_budget_usd, budget_year, team_size, beneficiaries_per_year, contact_email, verified, ghd_aligned) VALUES (
  'every-851981969',
  'rize-youth-empowerment',
  'Rize Youth Empowerment',
  '',
  'An organization focused on youth development. It received its nonprofit status in 2021.',
  'An organization focused on youth development. It received its nonprofit status in 2021.',
  '',
  'https://www.every.org/rize-youth-empowerment#/donate',
  'United States',
  '',
  '',
  NULL,
  NULL,
  NULL,
  NULL,
  NULL,
  '',
  1,
  0
);

INSERT OR IGNORE INTO nonprofit_causes (nonprofit_id, cause_id) VALUES ('every-851981969', 'youth-empowerment');

INSERT OR IGNORE INTO registrations (id, nonprofit_id, country, type, registration_number) VALUES ('every-851981969-us', 'every-851981969', 'United States', '501(c)(3)', '851981969');

INSERT OR IGNORE INTO nonprofits (id, slug, name, tagline, mission, description, website, donation_url, country, city, region, founded_year, annual_budget_usd, budget_year, team_size, beneficiaries_per_year, contact_email, verified, ghd_aligned) VALUES (
  'every-743078664',
  'youth-empowerment-services',
  'Youth Empowerment Services',
  '',
  'Youth Empowerment Services is a nonprofit organization focused on youth development. It is based in New Brunswick, NJ. It received its nonprofit status in 2014.',
  'Youth Empowerment Services is a nonprofit organization focused on youth development. It is based in New Brunswick, NJ. It received its nonprofit status in 2014.',
  '',
  'https://www.every.org/youth-empowerment-services-8657#/donate',
  'United States',
  '',
  '',
  NULL,
  NULL,
  NULL,
  NULL,
  NULL,
  '',
  1,
  0
);

INSERT OR IGNORE INTO nonprofit_causes (nonprofit_id, cause_id) VALUES ('every-743078664', 'youth-empowerment');

INSERT OR IGNORE INTO registrations (id, nonprofit_id, country, type, registration_number) VALUES ('every-743078664-us', 'every-743078664', 'United States', '501(c)(3)', '743078664');

INSERT OR IGNORE INTO nonprofits (id, slug, name, tagline, mission, description, website, donation_url, country, city, region, founded_year, annual_budget_usd, budget_year, team_size, beneficiaries_per_year, contact_email, verified, ghd_aligned) VALUES (
  'every-831951451',
  'youth-empowerment-integration-program',
  'Youth Empowerment Integration Program',
  '',
  'An organization focused on providing human services. It received its nonprofit status in 2020.',
  'An organization focused on providing human services. It received its nonprofit status in 2020.',
  '',
  'https://www.every.org/youth-empowerment-integration-program#/donate',
  'United States',
  '',
  '',
  NULL,
  NULL,
  NULL,
  NULL,
  NULL,
  '',
  1,
  0
);

INSERT OR IGNORE INTO nonprofit_causes (nonprofit_id, cause_id) VALUES ('every-831951451', 'youth-empowerment');

INSERT OR IGNORE INTO registrations (id, nonprofit_id, country, type, registration_number) VALUES ('every-831951451-us', 'every-831951451', 'United States', '501(c)(3)', '831951451');

INSERT OR IGNORE INTO nonprofits (id, slug, name, tagline, mission, description, website, donation_url, country, city, region, founded_year, annual_budget_usd, budget_year, team_size, beneficiaries_per_year, contact_email, verified, ghd_aligned) VALUES (
  'every-813920356',
  'yes-youth-empowerment-services',
  'Yes Youth Empowerment Services',
  '',
  'Yes Youth Empowerment Services is a nonprofit organization focused on youth development. It is based in Anaconda, MT. It received its nonprofit status in 2017.',
  'Yes Youth Empowerment Services is a nonprofit organization focused on youth development. It is based in Anaconda, MT. It received its nonprofit status in 2017.',
  '',
  'https://www.every.org/yes-youth-empowerment-services#/donate',
  'United States',
  '',
  '',
  NULL,
  NULL,
  NULL,
  NULL,
  NULL,
  '',
  1,
  0
);

INSERT OR IGNORE INTO nonprofit_causes (nonprofit_id, cause_id) VALUES ('every-813920356', 'youth-empowerment');

INSERT OR IGNORE INTO registrations (id, nonprofit_id, country, type, registration_number) VALUES ('every-813920356-us', 'every-813920356', 'United States', '501(c)(3)', '813920356');

INSERT OR IGNORE INTO nonprofits (id, slug, name, tagline, mission, description, website, donation_url, country, city, region, founded_year, annual_budget_usd, budget_year, team_size, beneficiaries_per_year, contact_email, verified, ghd_aligned) VALUES (
  'every-300863048',
  'youth-empowerment-association',
  'Youth Empowerment Association',
  '',
  'Youth Empowerment Association is a nonprofit organization focused on education. It is based in Kinston, NC. It received its nonprofit status in 2019.',
  'Youth Empowerment Association is a nonprofit organization focused on education. It is based in Kinston, NC. It received its nonprofit status in 2019.',
  '',
  'https://www.every.org/youth-empowerment-association#/donate',
  'United States',
  '',
  '',
  NULL,
  NULL,
  NULL,
  NULL,
  NULL,
  '',
  1,
  0
);

INSERT OR IGNORE INTO nonprofit_causes (nonprofit_id, cause_id) VALUES ('every-300863048', 'youth-empowerment');

INSERT OR IGNORE INTO registrations (id, nonprofit_id, country, type, registration_number) VALUES ('every-300863048-us', 'every-300863048', 'United States', '501(c)(3)', '300863048');

INSERT OR IGNORE INTO nonprofits (id, slug, name, tagline, mission, description, website, donation_url, country, city, region, founded_year, annual_budget_usd, budget_year, team_size, beneficiaries_per_year, contact_email, verified, ghd_aligned) VALUES (
  'every-393461314',
  'dhann-youth-empowerment-alliance',
  'Dhann Youth Empowerment Alliance',
  '',
  'An organization focused on youth development. It received its nonprofit status in 2025.',
  'An organization focused on youth development. It received its nonprofit status in 2025.',
  '',
  'https://www.every.org/dhann-youth-empowerment-alliance#/donate',
  'United States',
  '',
  '',
  NULL,
  NULL,
  NULL,
  NULL,
  NULL,
  '',
  1,
  0
);

INSERT OR IGNORE INTO nonprofit_causes (nonprofit_id, cause_id) VALUES ('every-393461314', 'youth-empowerment');

INSERT OR IGNORE INTO registrations (id, nonprofit_id, country, type, registration_number) VALUES ('every-393461314-us', 'every-393461314', 'United States', '501(c)(3)', '393461314');

INSERT OR IGNORE INTO nonprofits (id, slug, name, tagline, mission, description, website, donation_url, country, city, region, founded_year, annual_budget_usd, budget_year, team_size, beneficiaries_per_year, contact_email, verified, ghd_aligned) VALUES (
  'every-814413435',
  'groomed-for-success-youth-empowerment-program',
  'Groomed For Success Youth Empowerment Program',
  '',
  'Groomed For Success Youth Empowerment Program is a nonprofit organization focused on youth development. It is based in Grand Prairie, TX. It received its nonprofit status in 2016.',
  'Groomed For Success Youth Empowerment Program is a nonprofit organization focused on youth development. It is based in Grand Prairie, TX. It received its nonprofit status in 2016.',
  '',
  'https://www.every.org/groomed-for-success-youth-empowerment-program#/donate',
  'United States',
  '',
  '',
  NULL,
  NULL,
  NULL,
  NULL,
  NULL,
  '',
  1,
  0
);

INSERT OR IGNORE INTO nonprofit_causes (nonprofit_id, cause_id) VALUES ('every-814413435', 'youth-empowerment');

INSERT OR IGNORE INTO registrations (id, nonprofit_id, country, type, registration_number) VALUES ('every-814413435-us', 'every-814413435', 'United States', '501(c)(3)', '814413435');

INSERT OR IGNORE INTO nonprofits (id, slug, name, tagline, mission, description, website, donation_url, country, city, region, founded_year, annual_budget_usd, budget_year, team_size, beneficiaries_per_year, contact_email, verified, ghd_aligned) VALUES (
  'every-451763031',
  'sparks-youth-education-empowerment-program-inc',
  'Sparks Youth Education Empowerment Program Inc',
  '',
  'Sparks Youth Education Empowerment Program Inc is a nonprofit organization focused on education. It is based in Princeton, WV. It received its nonprofit status in 2017.',
  'Sparks Youth Education Empowerment Program Inc is a nonprofit organization focused on education. It is based in Princeton, WV. It received its nonprofit status in 2017.',
  '',
  'https://www.every.org/sparks-youth-education-empowerment-program-inc#/donate',
  'United States',
  '',
  '',
  NULL,
  NULL,
  NULL,
  NULL,
  NULL,
  '',
  1,
  0
);

INSERT OR IGNORE INTO nonprofit_causes (nonprofit_id, cause_id) VALUES ('every-451763031', 'youth-empowerment');

INSERT OR IGNORE INTO registrations (id, nonprofit_id, country, type, registration_number) VALUES ('every-451763031-us', 'every-451763031', 'United States', '501(c)(3)', '451763031');

INSERT OR IGNORE INTO nonprofits (id, slug, name, tagline, mission, description, website, donation_url, country, city, region, founded_year, annual_budget_usd, budget_year, team_size, beneficiaries_per_year, contact_email, verified, ghd_aligned) VALUES (
  'every-900060834',
  'youth-empowerment-village-inc',
  'Youth Empowerment Village Inc',
  '',
  'Youth Empowerment Village Inc is a nonprofit organization focused on youth development. It is based in Tamarac, FL. It received its nonprofit status in 2017.',
  'Youth Empowerment Village Inc is a nonprofit organization focused on youth development. It is based in Tamarac, FL. It received its nonprofit status in 2017.',
  '',
  'https://www.every.org/youth-empowerment-village-inc#/donate',
  'United States',
  '',
  '',
  NULL,
  NULL,
  NULL,
  NULL,
  NULL,
  '',
  1,
  0
);

INSERT OR IGNORE INTO nonprofit_causes (nonprofit_id, cause_id) VALUES ('every-900060834', 'youth-empowerment');

INSERT OR IGNORE INTO registrations (id, nonprofit_id, country, type, registration_number) VALUES ('every-900060834-us', 'every-900060834', 'United States', '501(c)(3)', '900060834');

INSERT OR IGNORE INTO nonprofits (id, slug, name, tagline, mission, description, website, donation_url, country, city, region, founded_year, annual_budget_usd, budget_year, team_size, beneficiaries_per_year, contact_email, verified, ghd_aligned) VALUES (
  'every-462930466',
  'youth-empowerment-center-inc',
  'Youth Empowerment Center Inc',
  '',
  'Youth Empowerment Center Inc is a nonprofit organization focused on youth development. It is based in Newburgh, NY. It received its nonprofit status in 2014.',
  'Youth Empowerment Center Inc is a nonprofit organization focused on youth development. It is based in Newburgh, NY. It received its nonprofit status in 2014.',
  '',
  'https://www.every.org/youth-empowerment-center-inc#/donate',
  'United States',
  '',
  '',
  NULL,
  NULL,
  NULL,
  NULL,
  NULL,
  '',
  1,
  0
);

INSERT OR IGNORE INTO nonprofit_causes (nonprofit_id, cause_id) VALUES ('every-462930466', 'youth-empowerment');

INSERT OR IGNORE INTO registrations (id, nonprofit_id, country, type, registration_number) VALUES ('every-462930466-us', 'every-462930466', 'United States', '501(c)(3)', '462930466');

INSERT OR IGNORE INTO nonprofits (id, slug, name, tagline, mission, description, website, donation_url, country, city, region, founded_year, annual_budget_usd, budget_year, team_size, beneficiaries_per_year, contact_email, verified, ghd_aligned) VALUES (
  'every-993791783',
  'youth-empowerment-source',
  'Youth Empowerment Source',
  '',
  'An organization focused on youth development. It received its nonprofit status in 2025.',
  'An organization focused on youth development. It received its nonprofit status in 2025.',
  '',
  'https://www.every.org/youth-empowerment-source#/donate',
  'United States',
  '',
  '',
  NULL,
  NULL,
  NULL,
  NULL,
  NULL,
  '',
  1,
  0
);

INSERT OR IGNORE INTO nonprofit_causes (nonprofit_id, cause_id) VALUES ('every-993791783', 'youth-empowerment');

INSERT OR IGNORE INTO registrations (id, nonprofit_id, country, type, registration_number) VALUES ('every-993791783-us', 'every-993791783', 'United States', '501(c)(3)', '993791783');

INSERT OR IGNORE INTO nonprofits (id, slug, name, tagline, mission, description, website, donation_url, country, city, region, founded_year, annual_budget_usd, budget_year, team_size, beneficiaries_per_year, contact_email, verified, ghd_aligned) VALUES (
  'every-812457333',
  'dynamic-empowerment-for-youth-inc',
  'Dynamic Empowerment For Youth Inc',
  '',
  'Dynamic Empowerment For Youth Inc is a nonprofit organization focused on youth development. It is based in Corsicana, TX. It received its nonprofit status in 2017.',
  'Dynamic Empowerment For Youth Inc is a nonprofit organization focused on youth development. It is based in Corsicana, TX. It received its nonprofit status in 2017.',
  '',
  'https://www.every.org/dynamic-empowerment-for-youth-inc#/donate',
  'United States',
  '',
  '',
  NULL,
  NULL,
  NULL,
  NULL,
  NULL,
  '',
  1,
  0
);

INSERT OR IGNORE INTO nonprofit_causes (nonprofit_id, cause_id) VALUES ('every-812457333', 'youth-empowerment');

INSERT OR IGNORE INTO registrations (id, nonprofit_id, country, type, registration_number) VALUES ('every-812457333-us', 'every-812457333', 'United States', '501(c)(3)', '812457333');

INSERT OR IGNORE INTO nonprofits (id, slug, name, tagline, mission, description, website, donation_url, country, city, region, founded_year, annual_budget_usd, budget_year, team_size, beneficiaries_per_year, contact_email, verified, ghd_aligned) VALUES (
  'every-453976098',
  'youth-aspiring-bold-empowerment',
  'Youth Aspiring Bold Empowerment',
  '',
  'Youth Aspiring Bold Empowerment is a nonprofit religious or spiritual organization. It is based in Los Angeles, CA. It received its nonprofit status in 2013.',
  'Youth Aspiring Bold Empowerment is a nonprofit religious or spiritual organization. It is based in Los Angeles, CA. It received its nonprofit status in 2013.',
  'http://youthaspiringboldempowerment.org',
  'https://www.every.org/youth-aspiring-bold-empowerment#/donate',
  'United States',
  '',
  '',
  NULL,
  NULL,
  NULL,
  NULL,
  NULL,
  '',
  1,
  0
);

INSERT OR IGNORE INTO nonprofit_causes (nonprofit_id, cause_id) VALUES ('every-453976098', 'youth-empowerment');

INSERT OR IGNORE INTO registrations (id, nonprofit_id, country, type, registration_number) VALUES ('every-453976098-us', 'every-453976098', 'United States', '501(c)(3)', '453976098');

INSERT OR IGNORE INTO nonprofits (id, slug, name, tagline, mission, description, website, donation_url, country, city, region, founded_year, annual_budget_usd, budget_year, team_size, beneficiaries_per_year, contact_email, verified, ghd_aligned) VALUES (
  'every-463317239',
  'spartans-youth-empowerment-inc',
  'Spartans Youth Empowerment Inc',
  '',
  'Spartans Youth Empowerment Inc is a nonprofit organization focused on youth development. It is based in Boynton Beach, FL. It received its nonprofit status in 2019.',
  'Spartans Youth Empowerment Inc is a nonprofit organization focused on youth development. It is based in Boynton Beach, FL. It received its nonprofit status in 2019.',
  '',
  'https://www.every.org/spartans-youth-empowerment-inc#/donate',
  'United States',
  '',
  '',
  NULL,
  NULL,
  NULL,
  NULL,
  NULL,
  '',
  1,
  0
);

INSERT OR IGNORE INTO nonprofit_causes (nonprofit_id, cause_id) VALUES ('every-463317239', 'youth-empowerment');

INSERT OR IGNORE INTO registrations (id, nonprofit_id, country, type, registration_number) VALUES ('every-463317239-us', 'every-463317239', 'United States', '501(c)(3)', '463317239');

INSERT OR IGNORE INTO nonprofits (id, slug, name, tagline, mission, description, website, donation_url, country, city, region, founded_year, annual_budget_usd, budget_year, team_size, beneficiaries_per_year, contact_email, verified, ghd_aligned) VALUES (
  'every-863677217',
  'ace-youth-empowerment-and-mentoring-center-inc',
  'Ace Youth Empowerment And Mentoring Center Inc',
  '',
  'An organization focused on education. It received its nonprofit status in 2021.',
  'An organization focused on education. It received its nonprofit status in 2021.',
  '',
  'https://www.every.org/ace-youth-empowerment-and-mentoring-center-inc#/donate',
  'United States',
  '',
  '',
  NULL,
  NULL,
  NULL,
  NULL,
  NULL,
  '',
  1,
  0
);

INSERT OR IGNORE INTO nonprofit_causes (nonprofit_id, cause_id) VALUES ('every-863677217', 'youth-empowerment');

INSERT OR IGNORE INTO registrations (id, nonprofit_id, country, type, registration_number) VALUES ('every-863677217-us', 'every-863677217', 'United States', '501(c)(3)', '863677217');

INSERT OR IGNORE INTO nonprofits (id, slug, name, tagline, mission, description, website, donation_url, country, city, region, founded_year, annual_budget_usd, budget_year, team_size, beneficiaries_per_year, contact_email, verified, ghd_aligned) VALUES (
  'every-852958463',
  'youth-empowerment-through-soccer-international-inc',
  'Youth Empowerment Through Soccer International Inc',
  '',
  'An organization focused on recreation, sports, leisure, or athletics. It received its nonprofit status in 2021.',
  'An organization focused on recreation, sports, leisure, or athletics. It received its nonprofit status in 2021.',
  '',
  'https://www.every.org/youth-empowerment-through-soccer-international-inc#/donate',
  'United States',
  '',
  '',
  NULL,
  NULL,
  NULL,
  NULL,
  NULL,
  '',
  1,
  0
);

INSERT OR IGNORE INTO nonprofit_causes (nonprofit_id, cause_id) VALUES ('every-852958463', 'youth-empowerment');

INSERT OR IGNORE INTO registrations (id, nonprofit_id, country, type, registration_number) VALUES ('every-852958463-us', 'every-852958463', 'United States', '501(c)(3)', '852958463');

INSERT OR IGNORE INTO nonprofits (id, slug, name, tagline, mission, description, website, donation_url, country, city, region, founded_year, annual_budget_usd, budget_year, team_size, beneficiaries_per_year, contact_email, verified, ghd_aligned) VALUES (
  'every-990392626',
  'youth-empowerment-network',
  'Youth Empowerment Network',
  '',
  'An organization focused on providing human services. It received its nonprofit status in 2024.',
  'An organization focused on providing human services. It received its nonprofit status in 2024.',
  '',
  'https://www.every.org/youth-empowerment-network-1fef#/donate',
  'United States',
  '',
  '',
  NULL,
  NULL,
  NULL,
  NULL,
  NULL,
  '',
  1,
  0
);

INSERT OR IGNORE INTO nonprofit_causes (nonprofit_id, cause_id) VALUES ('every-990392626', 'youth-empowerment');

INSERT OR IGNORE INTO registrations (id, nonprofit_id, country, type, registration_number) VALUES ('every-990392626-us', 'every-990392626', 'United States', '501(c)(3)', '990392626');

INSERT OR IGNORE INTO nonprofits (id, slug, name, tagline, mission, description, website, donation_url, country, city, region, founded_year, annual_budget_usd, budget_year, team_size, beneficiaries_per_year, contact_email, verified, ghd_aligned) VALUES (
  'every-842174943',
  'haven-youth-empowerment-inc',
  'Haven Youth Empowerment Inc',
  '',
  'Haven Youth Empowerment Inc is a nonprofit organization focused on youth development. It is based in Mount Vernon, NY. It received its nonprofit status in 2019.',
  'Haven Youth Empowerment Inc is a nonprofit organization focused on youth development. It is based in Mount Vernon, NY. It received its nonprofit status in 2019.',
  '',
  'https://www.every.org/haven-youth-empowerment-inc#/donate',
  'United States',
  '',
  '',
  NULL,
  NULL,
  NULL,
  NULL,
  NULL,
  '',
  1,
  0
);

INSERT OR IGNORE INTO nonprofit_causes (nonprofit_id, cause_id) VALUES ('every-842174943', 'youth-empowerment');

INSERT OR IGNORE INTO registrations (id, nonprofit_id, country, type, registration_number) VALUES ('every-842174943-us', 'every-842174943', 'United States', '501(c)(3)', '842174943');

INSERT OR IGNORE INTO nonprofits (id, slug, name, tagline, mission, description, website, donation_url, country, city, region, founded_year, annual_budget_usd, budget_year, team_size, beneficiaries_per_year, contact_email, verified, ghd_aligned) VALUES (
  'every-113771988',
  'association-for-youth-empowerment',
  'Association For Youth Empowerment',
  '',
  'Association For Youth Empowerment is a nonprofit organization focused on education. It is based in Redford, MI. It received its nonprofit status in 2006.',
  'Association For Youth Empowerment is a nonprofit organization focused on education. It is based in Redford, MI. It received its nonprofit status in 2006.',
  '',
  'https://www.every.org/association-for-youth-empowerment#/donate',
  'United States',
  '',
  '',
  NULL,
  NULL,
  NULL,
  NULL,
  NULL,
  '',
  1,
  0
);

INSERT OR IGNORE INTO nonprofit_causes (nonprofit_id, cause_id) VALUES ('every-113771988', 'youth-empowerment');

INSERT OR IGNORE INTO registrations (id, nonprofit_id, country, type, registration_number) VALUES ('every-113771988-us', 'every-113771988', 'United States', '501(c)(3)', '113771988');

INSERT OR IGNORE INTO nonprofits (id, slug, name, tagline, mission, description, website, donation_url, country, city, region, founded_year, annual_budget_usd, budget_year, team_size, beneficiaries_per_year, contact_email, verified, ghd_aligned) VALUES (
  'every-833290000',
  'youth-empowerment-through-social-support-inc',
  'Youth Empowerment Through Social Support Inc',
  '',
  'An organization focused on youth development. It received its nonprofit status in 2019.',
  'An organization focused on youth development. It received its nonprofit status in 2019.',
  '',
  'https://www.every.org/youth-empowerment-through-social-support-inc#/donate',
  'United States',
  '',
  '',
  NULL,
  NULL,
  NULL,
  NULL,
  NULL,
  '',
  1,
  0
);

INSERT OR IGNORE INTO nonprofit_causes (nonprofit_id, cause_id) VALUES ('every-833290000', 'youth-empowerment');

INSERT OR IGNORE INTO registrations (id, nonprofit_id, country, type, registration_number) VALUES ('every-833290000-us', 'every-833290000', 'United States', '501(c)(3)', '833290000');

INSERT OR IGNORE INTO nonprofits (id, slug, name, tagline, mission, description, website, donation_url, country, city, region, founded_year, annual_budget_usd, budget_year, team_size, beneficiaries_per_year, contact_email, verified, ghd_aligned) VALUES (
  'every-010925093',
  'council-for-youth-empowerment',
  'Council For Youth Empowerment',
  '',
  'Council For Youth Empowerment is a nonprofit organization focused on education. It is based in Lakeside, CA. It received its nonprofit status in 2010.',
  'Council For Youth Empowerment is a nonprofit organization focused on education. It is based in Lakeside, CA. It received its nonprofit status in 2010.',
  '',
  'https://www.every.org/council-for-youth-empowerment#/donate',
  'United States',
  '',
  '',
  NULL,
  NULL,
  NULL,
  NULL,
  NULL,
  '',
  1,
  0
);

INSERT OR IGNORE INTO nonprofit_causes (nonprofit_id, cause_id) VALUES ('every-010925093', 'youth-empowerment');

INSERT OR IGNORE INTO registrations (id, nonprofit_id, country, type, registration_number) VALUES ('every-010925093-us', 'every-010925093', 'United States', '501(c)(3)', '010925093');

INSERT OR IGNORE INTO nonprofits (id, slug, name, tagline, mission, description, website, donation_url, country, city, region, founded_year, annual_budget_usd, budget_year, team_size, beneficiaries_per_year, contact_email, verified, ghd_aligned) VALUES (
  'every-992265066',
  'premier-youth-empowerment-program-inc',
  'Premier Youth Empowerment Program Inc',
  '',
  'An organization focused on providing human services. It received its nonprofit status in 2024.',
  'An organization focused on providing human services. It received its nonprofit status in 2024.',
  '',
  'https://www.every.org/premier-youth-empowerment-program-inc#/donate',
  'United States',
  '',
  '',
  NULL,
  NULL,
  NULL,
  NULL,
  NULL,
  '',
  1,
  0
);

INSERT OR IGNORE INTO nonprofit_causes (nonprofit_id, cause_id) VALUES ('every-992265066', 'youth-empowerment');

INSERT OR IGNORE INTO registrations (id, nonprofit_id, country, type, registration_number) VALUES ('every-992265066-us', 'every-992265066', 'United States', '501(c)(3)', '992265066');

INSERT OR IGNORE INTO nonprofits (id, slug, name, tagline, mission, description, website, donation_url, country, city, region, founded_year, annual_budget_usd, budget_year, team_size, beneficiaries_per_year, contact_email, verified, ghd_aligned) VALUES (
  'every-871358063',
  'grandbois-youth-empowerment-mission-inc',
  'Grandbois Youth Empowerment Mission Inc',
  '',
  'An organization focused on youth development. It received its nonprofit status in 2021.',
  'An organization focused on youth development. It received its nonprofit status in 2021.',
  '',
  'https://www.every.org/grandbois-youth-empowerment-mission-inc#/donate',
  'United States',
  '',
  '',
  NULL,
  NULL,
  NULL,
  NULL,
  NULL,
  '',
  1,
  0
);

INSERT OR IGNORE INTO nonprofit_causes (nonprofit_id, cause_id) VALUES ('every-871358063', 'youth-empowerment');

INSERT OR IGNORE INTO registrations (id, nonprofit_id, country, type, registration_number) VALUES ('every-871358063-us', 'every-871358063', 'United States', '501(c)(3)', '871358063');

INSERT OR IGNORE INTO nonprofits (id, slug, name, tagline, mission, description, website, donation_url, country, city, region, founded_year, annual_budget_usd, budget_year, team_size, beneficiaries_per_year, contact_email, verified, ghd_aligned) VALUES (
  'every-813595563',
  'youth-empowerment-services-inc',
  'Youth Empowerment Services Inc',
  '',
  'Youth Empowerment Services Inc is a nonprofit organization focused on youth development. It is based in Manchester, NH. It received its nonprofit status in 2017.',
  'Youth Empowerment Services Inc is a nonprofit organization focused on youth development. It is based in Manchester, NH. It received its nonprofit status in 2017.',
  '',
  'https://www.every.org/youth-empowerment-services-inc-be1b#/donate',
  'United States',
  '',
  '',
  NULL,
  NULL,
  NULL,
  NULL,
  NULL,
  '',
  1,
  0
);

INSERT OR IGNORE INTO nonprofit_causes (nonprofit_id, cause_id) VALUES ('every-813595563', 'youth-empowerment');

INSERT OR IGNORE INTO registrations (id, nonprofit_id, country, type, registration_number) VALUES ('every-813595563-us', 'every-813595563', 'United States', '501(c)(3)', '813595563');

INSERT OR IGNORE INTO nonprofits (id, slug, name, tagline, mission, description, website, donation_url, country, city, region, founded_year, annual_budget_usd, budget_year, team_size, beneficiaries_per_year, contact_email, verified, ghd_aligned) VALUES (
  'every-261253568',
  'liahona-youth-empowerment',
  'Liahona Youth Empowerment',
  '',
  'Liahona Youth Empowerment is a nonprofit organization focused on youth development. It is based in Honolulu, HI. It received its nonprofit status in 2009.',
  'Liahona Youth Empowerment is a nonprofit organization focused on youth development. It is based in Honolulu, HI. It received its nonprofit status in 2009.',
  '',
  'https://www.every.org/liahona-youth-empowerment#/donate',
  'United States',
  '',
  '',
  NULL,
  NULL,
  NULL,
  NULL,
  NULL,
  '',
  1,
  0
);

INSERT OR IGNORE INTO nonprofit_causes (nonprofit_id, cause_id) VALUES ('every-261253568', 'youth-empowerment');

INSERT OR IGNORE INTO registrations (id, nonprofit_id, country, type, registration_number) VALUES ('every-261253568-us', 'every-261253568', 'United States', '501(c)(3)', '261253568');

INSERT OR IGNORE INTO nonprofits (id, slug, name, tagline, mission, description, website, donation_url, country, city, region, founded_year, annual_budget_usd, budget_year, team_size, beneficiaries_per_year, contact_email, verified, ghd_aligned) VALUES (
  'every-882366301',
  'alliance-for-youth-community-empowerment-22',
  'Alliance For Youth Community Empowerment 22',
  '',
  'An organization focused on education. It received its nonprofit status in 2025.',
  'An organization focused on education. It received its nonprofit status in 2025.',
  '',
  'https://www.every.org/alliance-for-youth-community-empowerment-22#/donate',
  'United States',
  '',
  '',
  NULL,
  NULL,
  NULL,
  NULL,
  NULL,
  '',
  1,
  0
);

INSERT OR IGNORE INTO nonprofit_causes (nonprofit_id, cause_id) VALUES ('every-882366301', 'youth-empowerment');

INSERT OR IGNORE INTO registrations (id, nonprofit_id, country, type, registration_number) VALUES ('every-882366301-us', 'every-882366301', 'United States', '501(c)(3)', '882366301');

INSERT OR IGNORE INTO nonprofits (id, slug, name, tagline, mission, description, website, donation_url, country, city, region, founded_year, annual_budget_usd, budget_year, team_size, beneficiaries_per_year, contact_email, verified, ghd_aligned) VALUES (
  'every-922112502',
  'triumph-youth-empowerment-organization',
  'Triumph Youth Empowerment Organization',
  '',
  'An organization focused on employment and jobs. It received its nonprofit status in 2023.',
  'An organization focused on employment and jobs. It received its nonprofit status in 2023.',
  '',
  'https://www.every.org/triumph-youth-empowerment-organization#/donate',
  'United States',
  '',
  '',
  NULL,
  NULL,
  NULL,
  NULL,
  NULL,
  '',
  1,
  0
);

INSERT OR IGNORE INTO nonprofit_causes (nonprofit_id, cause_id) VALUES ('every-922112502', 'youth-empowerment');

INSERT OR IGNORE INTO registrations (id, nonprofit_id, country, type, registration_number) VALUES ('every-922112502-us', 'every-922112502', 'United States', '501(c)(3)', '922112502');

INSERT OR IGNORE INTO nonprofits (id, slug, name, tagline, mission, description, website, donation_url, country, city, region, founded_year, annual_budget_usd, budget_year, team_size, beneficiaries_per_year, contact_email, verified, ghd_aligned) VALUES (
  'every-463549922',
  'women-networking-with-children-youth-empowerment-services-inc',
  'Women Networking With Children Youth Empowerment Services Inc',
  '',
  'Women Networking With Children Youth Empowerment Services Inc is a nonprofit organization focused on providing human services. It is based in Hyattsville, MD. It received its nonprofit status in 2014.',
  'Women Networking With Children Youth Empowerment Services Inc is a nonprofit organization focused on providing human services. It is based in Hyattsville, MD. It received its nonprofit status in 2014.',
  '',
  'https://www.every.org/women-networking-with-children-youth-empowerment-services-inc#/donate',
  'United States',
  '',
  '',
  NULL,
  NULL,
  NULL,
  NULL,
  NULL,
  '',
  1,
  0
);

INSERT OR IGNORE INTO nonprofit_causes (nonprofit_id, cause_id) VALUES ('every-463549922', 'youth-empowerment');

INSERT OR IGNORE INTO registrations (id, nonprofit_id, country, type, registration_number) VALUES ('every-463549922-us', 'every-463549922', 'United States', '501(c)(3)', '463549922');

INSERT OR IGNORE INTO nonprofits (id, slug, name, tagline, mission, description, website, donation_url, country, city, region, founded_year, annual_budget_usd, budget_year, team_size, beneficiaries_per_year, contact_email, verified, ghd_aligned) VALUES (
  'every-334090961',
  'youth-empowerment-initiative-inc',
  'Youth Empowerment Initiative Inc',
  '',
  'An organization focused on education. It received its nonprofit status in 2025.',
  'An organization focused on education. It received its nonprofit status in 2025.',
  '',
  'https://www.every.org/youth-empowerment-initiative-inc#/donate',
  'United States',
  '',
  '',
  NULL,
  NULL,
  NULL,
  NULL,
  NULL,
  '',
  1,
  0
);

INSERT OR IGNORE INTO nonprofit_causes (nonprofit_id, cause_id) VALUES ('every-334090961', 'youth-empowerment');

INSERT OR IGNORE INTO registrations (id, nonprofit_id, country, type, registration_number) VALUES ('every-334090961-us', 'every-334090961', 'United States', '501(c)(3)', '334090961');

INSERT OR IGNORE INTO nonprofits (id, slug, name, tagline, mission, description, website, donation_url, country, city, region, founded_year, annual_budget_usd, budget_year, team_size, beneficiaries_per_year, contact_email, verified, ghd_aligned) VALUES (
  'every-331458311',
  'youth-empowerment-project',
  'Youth Empowerment Project',
  '',
  'An organization focused on providing human services. It received its nonprofit status in 2024.',
  'An organization focused on providing human services. It received its nonprofit status in 2024.',
  '',
  'https://www.every.org/youth-empowerment-project-bcf0#/donate',
  'United States',
  '',
  '',
  NULL,
  NULL,
  NULL,
  NULL,
  NULL,
  '',
  1,
  0
);

INSERT OR IGNORE INTO nonprofit_causes (nonprofit_id, cause_id) VALUES ('every-331458311', 'youth-empowerment');

INSERT OR IGNORE INTO registrations (id, nonprofit_id, country, type, registration_number) VALUES ('every-331458311-us', 'every-331458311', 'United States', '501(c)(3)', '331458311');

INSERT OR IGNORE INTO nonprofits (id, slug, name, tagline, mission, description, website, donation_url, country, city, region, founded_year, annual_budget_usd, budget_year, team_size, beneficiaries_per_year, contact_email, verified, ghd_aligned) VALUES (
  'every-261948935',
  'national-youth-empowerment',
  'National Youth Empowerment',
  '',
  'National Youth Empowerment is a nonprofit organization focused on youth development. It is based in Huntington, NY. It received its nonprofit status in 2009.',
  'National Youth Empowerment is a nonprofit organization focused on youth development. It is based in Huntington, NY. It received its nonprofit status in 2009.',
  '',
  'https://www.every.org/national-youth-empowerment#/donate',
  'United States',
  '',
  '',
  NULL,
  NULL,
  NULL,
  NULL,
  NULL,
  '',
  1,
  0
);

INSERT OR IGNORE INTO nonprofit_causes (nonprofit_id, cause_id) VALUES ('every-261948935', 'youth-empowerment');

INSERT OR IGNORE INTO registrations (id, nonprofit_id, country, type, registration_number) VALUES ('every-261948935-us', 'every-261948935', 'United States', '501(c)(3)', '261948935');

INSERT OR IGNORE INTO nonprofits (id, slug, name, tagline, mission, description, website, donation_url, country, city, region, founded_year, annual_budget_usd, budget_year, team_size, beneficiaries_per_year, contact_email, verified, ghd_aligned) VALUES (
  'every-883319282',
  'refugee-youth-and-adult-empowerment-initiative-inc',
  'Refugee Youth And Adult Empowerment Initiative Inc',
  '',
  'An organization focused on providing human services. It received its nonprofit status in 2022.',
  'An organization focused on providing human services. It received its nonprofit status in 2022.',
  '',
  'https://www.every.org/refugee-youth-and-adult-empowerment-initiative-inc#/donate',
  'United States',
  '',
  '',
  NULL,
  NULL,
  NULL,
  NULL,
  NULL,
  '',
  1,
  0
);

INSERT OR IGNORE INTO nonprofit_causes (nonprofit_id, cause_id) VALUES ('every-883319282', 'youth-empowerment');

INSERT OR IGNORE INTO registrations (id, nonprofit_id, country, type, registration_number) VALUES ('every-883319282-us', 'every-883319282', 'United States', '501(c)(3)', '883319282');

INSERT OR IGNORE INTO nonprofits (id, slug, name, tagline, mission, description, website, donation_url, country, city, region, founded_year, annual_budget_usd, budget_year, team_size, beneficiaries_per_year, contact_email, verified, ghd_aligned) VALUES (
  'every-364309884',
  'youth-empowerment-ministries-inc',
  'Youth Empowerment Ministries Inc',
  '',
  'Youth Empowerment Ministries Inc is a nonprofit organization focused on youth development. It is based in Indianapolis, IN. It received its nonprofit status in 1999.',
  'Youth Empowerment Ministries Inc is a nonprofit organization focused on youth development. It is based in Indianapolis, IN. It received its nonprofit status in 1999.',
  '',
  'https://www.every.org/youth-empowerment-ministries-inc#/donate',
  'United States',
  '',
  '',
  NULL,
  NULL,
  NULL,
  NULL,
  NULL,
  '',
  1,
  0
);

INSERT OR IGNORE INTO nonprofit_causes (nonprofit_id, cause_id) VALUES ('every-364309884', 'youth-empowerment');

INSERT OR IGNORE INTO registrations (id, nonprofit_id, country, type, registration_number) VALUES ('every-364309884-us', 'every-364309884', 'United States', '501(c)(3)', '364309884');

INSERT OR IGNORE INTO nonprofits (id, slug, name, tagline, mission, description, website, donation_url, country, city, region, founded_year, annual_budget_usd, budget_year, team_size, beneficiaries_per_year, contact_email, verified, ghd_aligned) VALUES (
  'every-474643172',
  'youth-family-empowerment-services',
  'Youth & Family Empowerment Services',
  '',
  'Youth & Family Empowerment Services is a nonprofit organization focused on youth development. It is based in Norfolk, VA. It received its nonprofit status in 2015.',
  'Youth & Family Empowerment Services is a nonprofit organization focused on youth development. It is based in Norfolk, VA. It received its nonprofit status in 2015.',
  '',
  'https://www.every.org/youth-and-family-empowerment-services#/donate',
  'United States',
  '',
  '',
  NULL,
  NULL,
  NULL,
  NULL,
  NULL,
  '',
  1,
  0
);

INSERT OR IGNORE INTO nonprofit_causes (nonprofit_id, cause_id) VALUES ('every-474643172', 'youth-empowerment');

INSERT OR IGNORE INTO registrations (id, nonprofit_id, country, type, registration_number) VALUES ('every-474643172-us', 'every-474643172', 'United States', '501(c)(3)', '474643172');

INSERT OR IGNORE INTO nonprofits (id, slug, name, tagline, mission, description, website, donation_url, country, city, region, founded_year, annual_budget_usd, budget_year, team_size, beneficiaries_per_year, contact_email, verified, ghd_aligned) VALUES (
  'every-851987369',
  'youth-empowerment-committee-inc',
  'Youth Empowerment Committee Inc',
  '',
  'An organization focused on youth development. It received its nonprofit status in 2022.',
  'An organization focused on youth development. It received its nonprofit status in 2022.',
  '',
  'https://www.every.org/youth-empowerment-committee-inc#/donate',
  'United States',
  '',
  '',
  NULL,
  NULL,
  NULL,
  NULL,
  NULL,
  '',
  1,
  0
);

INSERT OR IGNORE INTO nonprofit_causes (nonprofit_id, cause_id) VALUES ('every-851987369', 'youth-empowerment');

INSERT OR IGNORE INTO registrations (id, nonprofit_id, country, type, registration_number) VALUES ('every-851987369-us', 'every-851987369', 'United States', '501(c)(3)', '851987369');

INSERT OR IGNORE INTO nonprofits (id, slug, name, tagline, mission, description, website, donation_url, country, city, region, founded_year, annual_budget_usd, budget_year, team_size, beneficiaries_per_year, contact_email, verified, ghd_aligned) VALUES (
  'every-994515679',
  'transforming-youth-music-education',
  'Transforming Youth Music Education',
  '',
  'An organization focused on education. It received its nonprofit status in 2024.',
  'An organization focused on education. It received its nonprofit status in 2024.',
  '',
  'https://www.every.org/transforming-youth-music-education#/donate',
  'United States',
  '',
  '',
  NULL,
  NULL,
  NULL,
  NULL,
  NULL,
  '',
  1,
  0
);

INSERT OR IGNORE INTO nonprofit_causes (nonprofit_id, cause_id) VALUES ('every-994515679', 'music-education');
INSERT OR IGNORE INTO nonprofit_causes (nonprofit_id, cause_id) VALUES ('every-994515679', 'youth-empowerment');

INSERT OR IGNORE INTO registrations (id, nonprofit_id, country, type, registration_number) VALUES ('every-994515679-us', 'every-994515679', 'United States', '501(c)(3)', '994515679');

INSERT OR IGNORE INTO nonprofits (id, slug, name, tagline, mission, description, website, donation_url, country, city, region, founded_year, annual_budget_usd, budget_year, team_size, beneficiaries_per_year, contact_email, verified, ghd_aligned) VALUES (
  'every-465437188',
  'roderick-l-young-foundation-for-youth-music-education',
  'Roderick L Young Foundation For Youth Music Education',
  '',
  'Roderick L Young Foundation For Youth Music Education is a nonprofit organization focused on arts, culture, or humanities. It is based in Peculiar, MO. It received its nonprofit status in 2014.',
  'Roderick L Young Foundation For Youth Music Education is a nonprofit organization focused on arts, culture, or humanities. It is based in Peculiar, MO. It received its nonprofit status in 2014.',
  '',
  'https://www.every.org/roderick-l-young-foundation-for-youth-music-education#/donate',
  'United States',
  '',
  '',
  NULL,
  NULL,
  NULL,
  NULL,
  NULL,
  '',
  1,
  0
);

INSERT OR IGNORE INTO nonprofit_causes (nonprofit_id, cause_id) VALUES ('every-465437188', 'music-education');
INSERT OR IGNORE INTO nonprofit_causes (nonprofit_id, cause_id) VALUES ('every-465437188', 'youth-empowerment');

INSERT OR IGNORE INTO registrations (id, nonprofit_id, country, type, registration_number) VALUES ('every-465437188-us', 'every-465437188', 'United States', '501(c)(3)', '465437188');

INSERT OR IGNORE INTO nonprofits (id, slug, name, tagline, mission, description, website, donation_url, country, city, region, founded_year, annual_budget_usd, budget_year, team_size, beneficiaries_per_year, contact_email, verified, ghd_aligned) VALUES (
  'every-832475037',
  'las-vegas-youth-arts-music-education-inc',
  'Las Vegas Youth Arts Music & Education Inc',
  '',
  'Las Vegas Youth Arts Music & Education Inc is a nonprofit organization focused on youth development. It is based in Las Vegas, NV. It received its nonprofit status in 2018.',
  'Las Vegas Youth Arts Music & Education Inc is a nonprofit organization focused on youth development. It is based in Las Vegas, NV. It received its nonprofit status in 2018.',
  '',
  'https://www.every.org/las-vegas-youth-arts-music-and-education-inc#/donate',
  'United States',
  '',
  '',
  NULL,
  NULL,
  NULL,
  NULL,
  NULL,
  '',
  1,
  0
);

INSERT OR IGNORE INTO nonprofit_causes (nonprofit_id, cause_id) VALUES ('every-832475037', 'music-education');
INSERT OR IGNORE INTO nonprofit_causes (nonprofit_id, cause_id) VALUES ('every-832475037', 'youth-empowerment');

INSERT OR IGNORE INTO registrations (id, nonprofit_id, country, type, registration_number) VALUES ('every-832475037-us', 'every-832475037', 'United States', '501(c)(3)', '832475037');

INSERT OR IGNORE INTO nonprofits (id, slug, name, tagline, mission, description, website, donation_url, country, city, region, founded_year, annual_budget_usd, budget_year, team_size, beneficiaries_per_year, contact_email, verified, ghd_aligned) VALUES (
  'every-843288482',
  'kids-music-education',
  'Kids Music Education',
  '',
  'An organization focused on providing human services. It received its nonprofit status in 2020.',
  'An organization focused on providing human services. It received its nonprofit status in 2020.',
  '',
  'https://www.every.org/kids-music-education#/donate',
  'United States',
  '',
  '',
  NULL,
  NULL,
  NULL,
  NULL,
  NULL,
  '',
  1,
  0
);

INSERT OR IGNORE INTO nonprofit_causes (nonprofit_id, cause_id) VALUES ('every-843288482', 'music-education');
INSERT OR IGNORE INTO nonprofit_causes (nonprofit_id, cause_id) VALUES ('every-843288482', 'youth-empowerment');

INSERT OR IGNORE INTO registrations (id, nonprofit_id, country, type, registration_number) VALUES ('every-843288482-us', 'every-843288482', 'United States', '501(c)(3)', '843288482');

INSERT OR IGNORE INTO nonprofits (id, slug, name, tagline, mission, description, website, donation_url, country, city, region, founded_year, annual_budget_usd, budget_year, team_size, beneficiaries_per_year, contact_email, verified, ghd_aligned) VALUES (
  'every-843110561',
  'young-leaders-in-music-education-inc',
  'Young Leaders In Music Education Inc',
  '',
  'An organization focused on arts, culture, or humanities. It received its nonprofit status in 2019.',
  'An organization focused on arts, culture, or humanities. It received its nonprofit status in 2019.',
  '',
  'https://www.every.org/young-leaders-in-music-education-inc#/donate',
  'United States',
  '',
  '',
  NULL,
  NULL,
  NULL,
  NULL,
  NULL,
  '',
  1,
  0
);

INSERT OR IGNORE INTO nonprofit_causes (nonprofit_id, cause_id) VALUES ('every-843110561', 'music-education');
INSERT OR IGNORE INTO nonprofit_causes (nonprofit_id, cause_id) VALUES ('every-843110561', 'youth-empowerment');

INSERT OR IGNORE INTO registrations (id, nonprofit_id, country, type, registration_number) VALUES ('every-843110561-us', 'every-843110561', 'United States', '501(c)(3)', '843110561');

INSERT OR IGNORE INTO nonprofits (id, slug, name, tagline, mission, description, website, donation_url, country, city, region, founded_year, annual_budget_usd, budget_year, team_size, beneficiaries_per_year, contact_email, verified, ghd_aligned) VALUES (
  'every-812027492',
  'teach-kids-music',
  'Teach Kids Music',
  '',
  'Teach Kids Music is a nonprofit organization focused on arts, culture, or humanities. It is based in West Haven, CT. It received its nonprofit status in 2016.',
  'Teach Kids Music is a nonprofit organization focused on arts, culture, or humanities. It is based in West Haven, CT. It received its nonprofit status in 2016.',
  '',
  'https://www.every.org/teach-kids-music#/donate',
  'United States',
  '',
  '',
  NULL,
  NULL,
  NULL,
  NULL,
  NULL,
  '',
  1,
  0
);

INSERT OR IGNORE INTO nonprofit_causes (nonprofit_id, cause_id) VALUES ('every-812027492', 'music-education');
INSERT OR IGNORE INTO nonprofit_causes (nonprofit_id, cause_id) VALUES ('every-812027492', 'youth-empowerment');

INSERT OR IGNORE INTO registrations (id, nonprofit_id, country, type, registration_number) VALUES ('every-812027492-us', 'every-812027492', 'United States', '501(c)(3)', '812027492');

INSERT OR IGNORE INTO nonprofits (id, slug, name, tagline, mission, description, website, donation_url, country, city, region, founded_year, annual_budget_usd, budget_year, team_size, beneficiaries_per_year, contact_email, verified, ghd_aligned) VALUES (
  'every-810815803',
  'musical-arts-for-youth-development-and-education',
  'Musical Arts For Youth Development And Education',
  '',
  'Musical Arts For Youth Development And Education is a nonprofit organization focused on arts, culture, or humanities. It is based in Acworth, GA. It received its nonprofit status in 2015.',
  'Musical Arts For Youth Development And Education is a nonprofit organization focused on arts, culture, or humanities. It is based in Acworth, GA. It received its nonprofit status in 2015.',
  '',
  'https://www.every.org/musical-arts-for-youth-development-and-education#/donate',
  'United States',
  '',
  '',
  NULL,
  NULL,
  NULL,
  NULL,
  NULL,
  '',
  1,
  0
);

INSERT OR IGNORE INTO nonprofit_causes (nonprofit_id, cause_id) VALUES ('every-810815803', 'music-education');
INSERT OR IGNORE INTO nonprofit_causes (nonprofit_id, cause_id) VALUES ('every-810815803', 'youth-empowerment');

INSERT OR IGNORE INTO registrations (id, nonprofit_id, country, type, registration_number) VALUES ('every-810815803-us', 'every-810815803', 'United States', '501(c)(3)', '810815803');

INSERT OR IGNORE INTO nonprofits (id, slug, name, tagline, mission, description, website, donation_url, country, city, region, founded_year, annual_budget_usd, budget_year, team_size, beneficiaries_per_year, contact_email, verified, ghd_aligned) VALUES (
  'every-455382480',
  'music-arts-program-for-youth',
  'Music & Arts Program For Youth',
  '',
  'Music & Arts Program For Youth is a nonprofit organization focused on youth development. It is based in Alachua, FL. It received its nonprofit status in 2012.',
  'Music & Arts Program For Youth is a nonprofit organization focused on youth development. It is based in Alachua, FL. It received its nonprofit status in 2012.',
  '',
  'https://www.every.org/music-and-arts-program-for-youth#/donate',
  'United States',
  '',
  '',
  NULL,
  NULL,
  NULL,
  NULL,
  NULL,
  '',
  1,
  0
);

INSERT OR IGNORE INTO nonprofit_causes (nonprofit_id, cause_id) VALUES ('every-455382480', 'music-education');
INSERT OR IGNORE INTO nonprofit_causes (nonprofit_id, cause_id) VALUES ('every-455382480', 'youth-empowerment');

INSERT OR IGNORE INTO registrations (id, nonprofit_id, country, type, registration_number) VALUES ('every-455382480-us', 'every-455382480', 'United States', '501(c)(3)', '455382480');

INSERT OR IGNORE INTO nonprofits (id, slug, name, tagline, mission, description, website, donation_url, country, city, region, founded_year, annual_budget_usd, budget_year, team_size, beneficiaries_per_year, contact_email, verified, ghd_aligned) VALUES (
  'every-010746495',
  'music-for-youth',
  'Music for Youth',
  '',
  'Music for Youth is a nonprofit organization focused on arts, culture, or humanities. It is based in Westport, CT. It received its nonprofit status in 2003.',
  'Music for Youth is a nonprofit organization focused on arts, culture, or humanities. It is based in Westport, CT. It received its nonprofit status in 2003.',
  '',
  'https://www.every.org/music-for-youth#/donate',
  'United States',
  '',
  '',
  NULL,
  NULL,
  NULL,
  NULL,
  NULL,
  '',
  1,
  0
);

INSERT OR IGNORE INTO nonprofit_causes (nonprofit_id, cause_id) VALUES ('every-010746495', 'music-education');
INSERT OR IGNORE INTO nonprofit_causes (nonprofit_id, cause_id) VALUES ('every-010746495', 'youth-empowerment');

INSERT OR IGNORE INTO registrations (id, nonprofit_id, country, type, registration_number) VALUES ('every-010746495-us', 'every-010746495', 'United States', '501(c)(3)', '010746495');

INSERT OR IGNORE INTO nonprofits (id, slug, name, tagline, mission, description, website, donation_url, country, city, region, founded_year, annual_budget_usd, budget_year, team_size, beneficiaries_per_year, contact_email, verified, ghd_aligned) VALUES (
  'every-460837454',
  'music-art-for-youth',
  'Music & Art For Youth',
  '',
  'Music & Art For Youth is a nonprofit organization focused on arts, culture, or humanities. It is based in Ventura, CA. It received its nonprofit status in 2014.',
  'Music & Art For Youth is a nonprofit organization focused on arts, culture, or humanities. It is based in Ventura, CA. It received its nonprofit status in 2014.',
  '',
  'https://www.every.org/music-and-art-for-youth#/donate',
  'United States',
  '',
  '',
  NULL,
  NULL,
  NULL,
  NULL,
  NULL,
  '',
  1,
  0
);

INSERT OR IGNORE INTO nonprofit_causes (nonprofit_id, cause_id) VALUES ('every-460837454', 'music-education');
INSERT OR IGNORE INTO nonprofit_causes (nonprofit_id, cause_id) VALUES ('every-460837454', 'youth-empowerment');

INSERT OR IGNORE INTO registrations (id, nonprofit_id, country, type, registration_number) VALUES ('every-460837454-us', 'every-460837454', 'United States', '501(c)(3)', '460837454');

INSERT OR IGNORE INTO nonprofits (id, slug, name, tagline, mission, description, website, donation_url, country, city, region, founded_year, annual_budget_usd, budget_year, team_size, beneficiaries_per_year, contact_email, verified, ghd_aligned) VALUES (
  'every-460923905',
  'youth-music-project',
  'Youth Music Project',
  '',
  'For kids, teens and adults that offers classes in guitar, ukulele, bass, drums, rock band, piano, vocal and art.',
  'For kids, teens and adults that offers classes in guitar, ukulele, bass, drums, rock band, piano, vocal and art.',
  'http://www.youthmusicproject.org/',
  'https://www.every.org/youth-music-project#/donate',
  'United States',
  '',
  '',
  NULL,
  NULL,
  NULL,
  NULL,
  NULL,
  '',
  1,
  0
);

INSERT OR IGNORE INTO nonprofit_causes (nonprofit_id, cause_id) VALUES ('every-460923905', 'music-education');
INSERT OR IGNORE INTO nonprofit_causes (nonprofit_id, cause_id) VALUES ('every-460923905', 'youth-empowerment');

INSERT OR IGNORE INTO registrations (id, nonprofit_id, country, type, registration_number) VALUES ('every-460923905-us', 'every-460923905', 'United States', '501(c)(3)', '460923905');

INSERT OR IGNORE INTO nonprofits (id, slug, name, tagline, mission, description, website, donation_url, country, city, region, founded_year, annual_budget_usd, budget_year, team_size, beneficiaries_per_year, contact_email, verified, ghd_aligned) VALUES (
  'every-990706526',
  'institute-for-youth-development-and-educational-resources-inc',
  'Institute For Youth Development And Educational Resources Inc',
  '',
  'An organization focused on education. It received its nonprofit status in 2024.',
  'An organization focused on education. It received its nonprofit status in 2024.',
  '',
  'https://www.every.org/institute-for-youth-development-and-educational-resources-inc#/donate',
  'United States',
  '',
  '',
  NULL,
  NULL,
  NULL,
  NULL,
  NULL,
  '',
  1,
  0
);

INSERT OR IGNORE INTO nonprofit_causes (nonprofit_id, cause_id) VALUES ('every-990706526', 'music-education');
INSERT OR IGNORE INTO nonprofit_causes (nonprofit_id, cause_id) VALUES ('every-990706526', 'youth-empowerment');

INSERT OR IGNORE INTO registrations (id, nonprofit_id, country, type, registration_number) VALUES ('every-990706526-us', 'every-990706526', 'United States', '501(c)(3)', '990706526');

INSERT OR IGNORE INTO nonprofits (id, slug, name, tagline, mission, description, website, donation_url, country, city, region, founded_year, annual_budget_usd, budget_year, team_size, beneficiaries_per_year, contact_email, verified, ghd_aligned) VALUES (
  'every-432001043',
  'youth-outdoor-education',
  'Youth Outdoor Education',
  '',
  'Youth Outdoor Education is a nonprofit organization focused on preserving, protecting, and improving environment. It is based in Carterville, IL. It received its nonprofit status in 2004.',
  'Youth Outdoor Education is a nonprofit organization focused on preserving, protecting, and improving environment. It is based in Carterville, IL. It received its nonprofit status in 2004.',
  '',
  'https://www.every.org/youth-outdoor-education#/donate',
  'United States',
  '',
  '',
  NULL,
  NULL,
  NULL,
  NULL,
  NULL,
  '',
  1,
  0
);

INSERT OR IGNORE INTO nonprofit_causes (nonprofit_id, cause_id) VALUES ('every-432001043', 'adventure-travel');
INSERT OR IGNORE INTO nonprofit_causes (nonprofit_id, cause_id) VALUES ('every-432001043', 'youth-empowerment');

INSERT OR IGNORE INTO registrations (id, nonprofit_id, country, type, registration_number) VALUES ('every-432001043-us', 'every-432001043', 'United States', '501(c)(3)', '432001043');

INSERT OR IGNORE INTO nonprofits (id, slug, name, tagline, mission, description, website, donation_url, country, city, region, founded_year, annual_budget_usd, budget_year, team_size, beneficiaries_per_year, contact_email, verified, ghd_aligned) VALUES (
  'every-853195115',
  'youth-outdoor-education-grant-association',
  'Youth Outdoor Education Grant Association',
  '',
  'An organization focused on philanthrophy, voluntarism, or grantmaking. It received its nonprofit status in 2020.',
  'An organization focused on philanthrophy, voluntarism, or grantmaking. It received its nonprofit status in 2020.',
  '',
  'https://www.every.org/youth-outdoor-education-grant-association#/donate',
  'United States',
  '',
  '',
  NULL,
  NULL,
  NULL,
  NULL,
  NULL,
  '',
  1,
  0
);

INSERT OR IGNORE INTO nonprofit_causes (nonprofit_id, cause_id) VALUES ('every-853195115', 'adventure-travel');
INSERT OR IGNORE INTO nonprofit_causes (nonprofit_id, cause_id) VALUES ('every-853195115', 'youth-empowerment');

INSERT OR IGNORE INTO registrations (id, nonprofit_id, country, type, registration_number) VALUES ('every-853195115-us', 'every-853195115', 'United States', '501(c)(3)', '853195115');

INSERT OR IGNORE INTO nonprofits (id, slug, name, tagline, mission, description, website, donation_url, country, city, region, founded_year, annual_budget_usd, budget_year, team_size, beneficiaries_per_year, contact_email, verified, ghd_aligned) VALUES (
  'every-464125968',
  'youth-outdoor-experience',
  'Youth Outdoor Experience',
  '',
  'Youth Outdoor Experience is a nonprofit organization focused on preserving, protecting, and improving environment. It is based in Tucson, AZ. It received its nonprofit status in 2014.',
  'Youth Outdoor Experience is a nonprofit organization focused on preserving, protecting, and improving environment. It is based in Tucson, AZ. It received its nonprofit status in 2014.',
  'ironwoodtreeexperience.org',
  'https://www.every.org/youth-outdoor-experience#/donate',
  'United States',
  '',
  '',
  NULL,
  NULL,
  NULL,
  NULL,
  NULL,
  '',
  1,
  0
);

INSERT OR IGNORE INTO nonprofit_causes (nonprofit_id, cause_id) VALUES ('every-464125968', 'adventure-travel');
INSERT OR IGNORE INTO nonprofit_causes (nonprofit_id, cause_id) VALUES ('every-464125968', 'youth-empowerment');

INSERT OR IGNORE INTO registrations (id, nonprofit_id, country, type, registration_number) VALUES ('every-464125968-us', 'every-464125968', 'United States', '501(c)(3)', '464125968');

INSERT OR IGNORE INTO nonprofits (id, slug, name, tagline, mission, description, website, donation_url, country, city, region, founded_year, annual_budget_usd, budget_year, team_size, beneficiaries_per_year, contact_email, verified, ghd_aligned) VALUES (
  'every-352062273',
  'outdoor-youth-exploration-academy',
  'Outdoor Youth Exploration Academy',
  '',
  'Outdoor Youth Exploration Academy is a nonprofit organization focused on youth development. It is based in Indianapolis, IN. It received its nonprofit status in 2000.',
  'Outdoor Youth Exploration Academy is a nonprofit organization focused on youth development. It is based in Indianapolis, IN. It received its nonprofit status in 2000.',
  'http://outdooryouth.org',
  'https://www.every.org/outdooryouth#/donate',
  'United States',
  '',
  '',
  NULL,
  NULL,
  NULL,
  NULL,
  NULL,
  '',
  1,
  0
);

INSERT OR IGNORE INTO nonprofit_causes (nonprofit_id, cause_id) VALUES ('every-352062273', 'adventure-travel');
INSERT OR IGNORE INTO nonprofit_causes (nonprofit_id, cause_id) VALUES ('every-352062273', 'youth-empowerment');

INSERT OR IGNORE INTO registrations (id, nonprofit_id, country, type, registration_number) VALUES ('every-352062273-us', 'every-352062273', 'United States', '501(c)(3)', '352062273');

INSERT OR IGNORE INTO nonprofits (id, slug, name, tagline, mission, description, website, donation_url, country, city, region, founded_year, annual_budget_usd, budget_year, team_size, beneficiaries_per_year, contact_email, verified, ghd_aligned) VALUES (
  'every-454605979',
  'northwest-ohio-outdoor-youth-education',
  'Northwest Ohio Outdoor Youth Education',
  '',
  'Northwest Ohio Outdoor Youth Education is a nonprofit organization focused on youth development. It is based in Findlay, OH. It received its nonprofit status in 2016.',
  'Northwest Ohio Outdoor Youth Education is a nonprofit organization focused on youth development. It is based in Findlay, OH. It received its nonprofit status in 2016.',
  '',
  'https://www.every.org/northwest-ohio-outdoor-youth-education#/donate',
  'United States',
  '',
  '',
  NULL,
  NULL,
  NULL,
  NULL,
  NULL,
  '',
  1,
  0
);

INSERT OR IGNORE INTO nonprofit_causes (nonprofit_id, cause_id) VALUES ('every-454605979', 'adventure-travel');
INSERT OR IGNORE INTO nonprofit_causes (nonprofit_id, cause_id) VALUES ('every-454605979', 'youth-empowerment');

INSERT OR IGNORE INTO registrations (id, nonprofit_id, country, type, registration_number) VALUES ('every-454605979-us', 'every-454605979', 'United States', '501(c)(3)', '454605979');

INSERT OR IGNORE INTO nonprofits (id, slug, name, tagline, mission, description, website, donation_url, country, city, region, founded_year, annual_budget_usd, budget_year, team_size, beneficiaries_per_year, contact_email, verified, ghd_aligned) VALUES (
  'every-010893313',
  'youth-camp-education',
  'Youth Camp Education',
  '',
  'Youth Camp Education is a nonprofit organization focused on youth development. It is based in Las Vegas, NV. It received its nonprofit status in 2013.',
  'Youth Camp Education is a nonprofit organization focused on youth development. It is based in Las Vegas, NV. It received its nonprofit status in 2013.',
  '',
  'https://www.every.org/youth-camp-education#/donate',
  'United States',
  '',
  '',
  NULL,
  NULL,
  NULL,
  NULL,
  NULL,
  '',
  1,
  0
);

INSERT OR IGNORE INTO nonprofit_causes (nonprofit_id, cause_id) VALUES ('every-010893313', 'adventure-travel');
INSERT OR IGNORE INTO nonprofit_causes (nonprofit_id, cause_id) VALUES ('every-010893313', 'youth-empowerment');

INSERT OR IGNORE INTO registrations (id, nonprofit_id, country, type, registration_number) VALUES ('every-010893313-us', 'every-010893313', 'United States', '501(c)(3)', '010893313');

INSERT OR IGNORE INTO nonprofits (id, slug, name, tagline, mission, description, website, donation_url, country, city, region, founded_year, annual_budget_usd, budget_year, team_size, beneficiaries_per_year, contact_email, verified, ghd_aligned) VALUES (
  'every-854039207',
  'youth-outdoors',
  'Youth-Outdoors',
  '',
  'An organization focused on recreation, sports, leisure, or athletics. It received its nonprofit status in 2021.',
  'An organization focused on recreation, sports, leisure, or athletics. It received its nonprofit status in 2021.',
  '',
  'https://www.every.org/youth-outdoors#/donate',
  'United States',
  '',
  '',
  NULL,
  NULL,
  NULL,
  NULL,
  NULL,
  '',
  1,
  0
);

INSERT OR IGNORE INTO nonprofit_causes (nonprofit_id, cause_id) VALUES ('every-854039207', 'adventure-travel');
INSERT OR IGNORE INTO nonprofit_causes (nonprofit_id, cause_id) VALUES ('every-854039207', 'youth-empowerment');

INSERT OR IGNORE INTO registrations (id, nonprofit_id, country, type, registration_number) VALUES ('every-854039207-us', 'every-854039207', 'United States', '501(c)(3)', '854039207');

INSERT OR IGNORE INTO nonprofits (id, slug, name, tagline, mission, description, website, donation_url, country, city, region, founded_year, annual_budget_usd, budget_year, team_size, beneficiaries_per_year, contact_email, verified, ghd_aligned) VALUES (
  'every-311572082',
  'westside-youth-recreation-and-education-center',
  'Westside Youth Recreation And Education Center',
  '',
  'Westside Youth Recreation And Education Center is a nonprofit organization focused on youth development. It is based in Columbus, OH. It received its nonprofit status in 1998.',
  'Westside Youth Recreation And Education Center is a nonprofit organization focused on youth development. It is based in Columbus, OH. It received its nonprofit status in 1998.',
  '',
  'https://www.every.org/westside-youth-recreation-and-education-center#/donate',
  'United States',
  '',
  '',
  NULL,
  NULL,
  NULL,
  NULL,
  NULL,
  '',
  1,
  0
);

INSERT OR IGNORE INTO nonprofit_causes (nonprofit_id, cause_id) VALUES ('every-311572082', 'adventure-travel');
INSERT OR IGNORE INTO nonprofit_causes (nonprofit_id, cause_id) VALUES ('every-311572082', 'youth-empowerment');

INSERT OR IGNORE INTO registrations (id, nonprofit_id, country, type, registration_number) VALUES ('every-311572082-us', 'every-311572082', 'United States', '501(c)(3)', '311572082');

INSERT OR IGNORE INTO nonprofits (id, slug, name, tagline, mission, description, website, donation_url, country, city, region, founded_year, annual_budget_usd, budget_year, team_size, beneficiaries_per_year, contact_email, verified, ghd_aligned) VALUES (
  'every-331285576',
  'park-city-outdoor-education',
  'Park City Outdoor Education',
  '',
  'An organization focused on youth development. It received its nonprofit status in 2024.',
  'An organization focused on youth development. It received its nonprofit status in 2024.',
  '',
  'https://www.every.org/park-city-outdoor-education#/donate',
  'United States',
  '',
  '',
  NULL,
  NULL,
  NULL,
  NULL,
  NULL,
  '',
  1,
  0
);

INSERT OR IGNORE INTO nonprofit_causes (nonprofit_id, cause_id) VALUES ('every-331285576', 'adventure-travel');
INSERT OR IGNORE INTO nonprofit_causes (nonprofit_id, cause_id) VALUES ('every-331285576', 'youth-empowerment');

INSERT OR IGNORE INTO registrations (id, nonprofit_id, country, type, registration_number) VALUES ('every-331285576-us', 'every-331285576', 'United States', '501(c)(3)', '331285576');

INSERT OR IGNORE INTO nonprofits (id, slug, name, tagline, mission, description, website, donation_url, country, city, region, founded_year, annual_budget_usd, budget_year, team_size, beneficiaries_per_year, contact_email, verified, ghd_aligned) VALUES (
  'every-872004534',
  'youth-education-sports-community-inc',
  'Youth Education & Sports Community Inc',
  '',
  'An organization focused on youth development. It received its nonprofit status in 2021.',
  'An organization focused on youth development. It received its nonprofit status in 2021.',
  '',
  'https://www.every.org/youth-education-sports-community-inc#/donate',
  'United States',
  '',
  '',
  NULL,
  NULL,
  NULL,
  NULL,
  NULL,
  '',
  1,
  0
);

INSERT OR IGNORE INTO nonprofit_causes (nonprofit_id, cause_id) VALUES ('every-872004534', 'adventure-travel');
INSERT OR IGNORE INTO nonprofit_causes (nonprofit_id, cause_id) VALUES ('every-872004534', 'youth-empowerment');

INSERT OR IGNORE INTO registrations (id, nonprofit_id, country, type, registration_number) VALUES ('every-872004534-us', 'every-872004534', 'United States', '501(c)(3)', '872004534');

INSERT OR IGNORE INTO nonprofits (id, slug, name, tagline, mission, description, website, donation_url, country, city, region, founded_year, annual_budget_usd, budget_year, team_size, beneficiaries_per_year, contact_email, verified, ghd_aligned) VALUES (
  'every-261522928',
  'outdoor-youth-connections',
  'Outdoor Youth Connections',
  '',
  'Outdoor Youth Connections is a nonprofit organization focused on recreation, sports, leisure, or athletics. It is based in Lake Stevens, WA. It received its nonprofit status in 2008.',
  'Outdoor Youth Connections is a nonprofit organization focused on recreation, sports, leisure, or athletics. It is based in Lake Stevens, WA. It received its nonprofit status in 2008.',
  '',
  'https://www.every.org/outdoor-youth-connections#/donate',
  'United States',
  '',
  '',
  NULL,
  NULL,
  NULL,
  NULL,
  NULL,
  '',
  1,
  0
);

INSERT OR IGNORE INTO nonprofit_causes (nonprofit_id, cause_id) VALUES ('every-261522928', 'adventure-travel');
INSERT OR IGNORE INTO nonprofit_causes (nonprofit_id, cause_id) VALUES ('every-261522928', 'youth-empowerment');

INSERT OR IGNORE INTO registrations (id, nonprofit_id, country, type, registration_number) VALUES ('every-261522928-us', 'every-261522928', 'United States', '501(c)(3)', '261522928');

INSERT OR IGNORE INTO nonprofits (id, slug, name, tagline, mission, description, website, donation_url, country, city, region, founded_year, annual_budget_usd, budget_year, team_size, beneficiaries_per_year, contact_email, verified, ghd_aligned) VALUES (
  'every-880903529',
  'mental-health-in-youth-corp',
  'Mental Health In Youth Corp',
  '',
  'An organization focused on mental health and crisis intervention. It received its nonprofit status in 2022.',
  'An organization focused on mental health and crisis intervention. It received its nonprofit status in 2022.',
  '',
  'https://www.every.org/mental-health-in-youth-corp#/donate',
  'United States',
  '',
  '',
  NULL,
  NULL,
  NULL,
  NULL,
  NULL,
  '',
  1,
  0
);

INSERT OR IGNORE INTO nonprofit_causes (nonprofit_id, cause_id) VALUES ('every-880903529', 'mental-health');
INSERT OR IGNORE INTO nonprofit_causes (nonprofit_id, cause_id) VALUES ('every-880903529', 'youth-empowerment');

INSERT OR IGNORE INTO registrations (id, nonprofit_id, country, type, registration_number) VALUES ('every-880903529-us', 'every-880903529', 'United States', '501(c)(3)', '880903529');

INSERT OR IGNORE INTO nonprofits (id, slug, name, tagline, mission, description, website, donation_url, country, city, region, founded_year, annual_budget_usd, budget_year, team_size, beneficiaries_per_year, contact_email, verified, ghd_aligned) VALUES (
  'every-931943489',
  'center-for-youth-mental-health',
  'Center For Youth Mental Health',
  '',
  'An organization focused on mental health and crisis intervention. It received its nonprofit status in 2023.',
  'An organization focused on mental health and crisis intervention. It received its nonprofit status in 2023.',
  '',
  'https://www.every.org/center-for-youth-mental-health#/donate',
  'United States',
  '',
  '',
  NULL,
  NULL,
  NULL,
  NULL,
  NULL,
  '',
  1,
  0
);

INSERT OR IGNORE INTO nonprofit_causes (nonprofit_id, cause_id) VALUES ('every-931943489', 'mental-health');
INSERT OR IGNORE INTO nonprofit_causes (nonprofit_id, cause_id) VALUES ('every-931943489', 'youth-empowerment');

INSERT OR IGNORE INTO registrations (id, nonprofit_id, country, type, registration_number) VALUES ('every-931943489-us', 'every-931943489', 'United States', '501(c)(3)', '931943489');

INSERT OR IGNORE INTO nonprofits (id, slug, name, tagline, mission, description, website, donation_url, country, city, region, founded_year, annual_budget_usd, budget_year, team_size, beneficiaries_per_year, contact_email, verified, ghd_aligned) VALUES (
  'every-332436539',
  'youth-connect-4-mental-health',
  'Youth Connect 4 Mental Health',
  '',
  'An organization focused on youth development. It received its nonprofit status in 2025.',
  'An organization focused on youth development. It received its nonprofit status in 2025.',
  '',
  'https://www.every.org/youth-connect-4-mental-health#/donate',
  'United States',
  '',
  '',
  NULL,
  NULL,
  NULL,
  NULL,
  NULL,
  '',
  1,
  0
);

INSERT OR IGNORE INTO nonprofit_causes (nonprofit_id, cause_id) VALUES ('every-332436539', 'mental-health');
INSERT OR IGNORE INTO nonprofit_causes (nonprofit_id, cause_id) VALUES ('every-332436539', 'youth-empowerment');

INSERT OR IGNORE INTO registrations (id, nonprofit_id, country, type, registration_number) VALUES ('every-332436539-us', 'every-332436539', 'United States', '501(c)(3)', '332436539');

INSERT OR IGNORE INTO nonprofits (id, slug, name, tagline, mission, description, website, donation_url, country, city, region, founded_year, annual_budget_usd, budget_year, team_size, beneficiaries_per_year, contact_email, verified, ghd_aligned) VALUES (
  'every-931552973',
  'speak-our-minds-ending-the-youth-mental-health-crisis',
  'Speak Our Minds Ending The Youth Mental Health Crisis',
  '',
  'An organization focused on providing human services. It received its nonprofit status in 2023.',
  'An organization focused on providing human services. It received its nonprofit status in 2023.',
  '',
  'https://www.every.org/speak-our-minds-ending-the-youth-mental-health-crisis#/donate',
  'United States',
  '',
  '',
  NULL,
  NULL,
  NULL,
  NULL,
  NULL,
  '',
  1,
  0
);

INSERT OR IGNORE INTO nonprofit_causes (nonprofit_id, cause_id) VALUES ('every-931552973', 'mental-health');
INSERT OR IGNORE INTO nonprofit_causes (nonprofit_id, cause_id) VALUES ('every-931552973', 'youth-empowerment');

INSERT OR IGNORE INTO registrations (id, nonprofit_id, country, type, registration_number) VALUES ('every-931552973-us', 'every-931552973', 'United States', '501(c)(3)', '931552973');

INSERT OR IGNORE INTO nonprofits (id, slug, name, tagline, mission, description, website, donation_url, country, city, region, founded_year, annual_budget_usd, budget_year, team_size, beneficiaries_per_year, contact_email, verified, ghd_aligned) VALUES (
  'every-473992060',
  'aim-youth-mental-health',
  'AIM Youth Mental Health',
  '',
  'Youth Mental Health is building a movement to fund clinical research to find cures for mental health disorders in youth.',
  'Youth Mental Health is building a movement to fund clinical research to find cures for mental health disorders in youth.',
  'https://www.AIMymh.org',
  'https://www.every.org/aimymh#/donate',
  'United States',
  '',
  '',
  NULL,
  NULL,
  NULL,
  NULL,
  NULL,
  '',
  1,
  0
);

INSERT OR IGNORE INTO nonprofit_causes (nonprofit_id, cause_id) VALUES ('every-473992060', 'mental-health');
INSERT OR IGNORE INTO nonprofit_causes (nonprofit_id, cause_id) VALUES ('every-473992060', 'youth-empowerment');

INSERT OR IGNORE INTO registrations (id, nonprofit_id, country, type, registration_number) VALUES ('every-473992060-us', 'every-473992060', 'United States', '501(c)(3)', '473992060');

INSERT OR IGNORE INTO nonprofits (id, slug, name, tagline, mission, description, website, donation_url, country, city, region, founded_year, annual_budget_usd, budget_year, team_size, beneficiaries_per_year, contact_email, verified, ghd_aligned) VALUES (
  'every-334665230',
  'youth-mental-health-initiative',
  'Youth Mental Health Initiative',
  '',
  'An organization focused on mental health and crisis intervention. It received its nonprofit status in 2025.',
  'An organization focused on mental health and crisis intervention. It received its nonprofit status in 2025.',
  '',
  'https://www.every.org/youth-mental-health-initiative#/donate',
  'United States',
  '',
  '',
  NULL,
  NULL,
  NULL,
  NULL,
  NULL,
  '',
  1,
  0
);

INSERT OR IGNORE INTO nonprofit_causes (nonprofit_id, cause_id) VALUES ('every-334665230', 'mental-health');
INSERT OR IGNORE INTO nonprofit_causes (nonprofit_id, cause_id) VALUES ('every-334665230', 'youth-empowerment');

INSERT OR IGNORE INTO registrations (id, nonprofit_id, country, type, registration_number) VALUES ('every-334665230-us', 'every-334665230', 'United States', '501(c)(3)', '334665230');

INSERT OR IGNORE INTO nonprofits (id, slug, name, tagline, mission, description, website, donation_url, country, city, region, founded_year, annual_budget_usd, budget_year, team_size, beneficiaries_per_year, contact_email, verified, ghd_aligned) VALUES (
  'every-882907437',
  'youth-mental-health-care-alliance',
  'Youth Mental Health Care Alliance',
  '',
  'An organization focused on mental health and crisis intervention. It received its nonprofit status in 2022.',
  'An organization focused on mental health and crisis intervention. It received its nonprofit status in 2022.',
  '',
  'https://www.every.org/youth-mental-health-care-alliance#/donate',
  'United States',
  '',
  '',
  NULL,
  NULL,
  NULL,
  NULL,
  NULL,
  '',
  1,
  0
);

INSERT OR IGNORE INTO nonprofit_causes (nonprofit_id, cause_id) VALUES ('every-882907437', 'mental-health');
INSERT OR IGNORE INTO nonprofit_causes (nonprofit_id, cause_id) VALUES ('every-882907437', 'youth-empowerment');

INSERT OR IGNORE INTO registrations (id, nonprofit_id, country, type, registration_number) VALUES ('every-882907437-us', 'every-882907437', 'United States', '501(c)(3)', '882907437');

INSERT OR IGNORE INTO nonprofits (id, slug, name, tagline, mission, description, website, donation_url, country, city, region, founded_year, annual_budget_usd, budget_year, team_size, beneficiaries_per_year, contact_email, verified, ghd_aligned) VALUES (
  'every-333995741',
  'rising-youth-mental-health-inc',
  'Rising Youth Mental Health Inc',
  '',
  'An organization focused on healthcare. It received its nonprofit status in 2025.',
  'An organization focused on healthcare. It received its nonprofit status in 2025.',
  '',
  'https://www.every.org/rising-youth-mental-health-inc#/donate',
  'United States',
  '',
  '',
  NULL,
  NULL,
  NULL,
  NULL,
  NULL,
  '',
  1,
  0
);

INSERT OR IGNORE INTO nonprofit_causes (nonprofit_id, cause_id) VALUES ('every-333995741', 'mental-health');
INSERT OR IGNORE INTO nonprofit_causes (nonprofit_id, cause_id) VALUES ('every-333995741', 'youth-empowerment');

INSERT OR IGNORE INTO registrations (id, nonprofit_id, country, type, registration_number) VALUES ('every-333995741-us', 'every-333995741', 'United States', '501(c)(3)', '333995741');

INSERT OR IGNORE INTO nonprofits (id, slug, name, tagline, mission, description, website, donation_url, country, city, region, founded_year, annual_budget_usd, budget_year, team_size, beneficiaries_per_year, contact_email, verified, ghd_aligned) VALUES (
  'every-393318824',
  'tallahassee-youth-mental-health-collective-incorporated',
  'Tallahassee Youth Mental Health Collective Incorporated',
  '',
  'An organization focused on mental health and crisis intervention. It received its nonprofit status in 2025.',
  'An organization focused on mental health and crisis intervention. It received its nonprofit status in 2025.',
  '',
  'https://www.every.org/tallahassee-youth-mental-health-collective-incorporated#/donate',
  'United States',
  '',
  '',
  NULL,
  NULL,
  NULL,
  NULL,
  NULL,
  '',
  1,
  0
);

INSERT OR IGNORE INTO nonprofit_causes (nonprofit_id, cause_id) VALUES ('every-393318824', 'mental-health');
INSERT OR IGNORE INTO nonprofit_causes (nonprofit_id, cause_id) VALUES ('every-393318824', 'youth-empowerment');

INSERT OR IGNORE INTO registrations (id, nonprofit_id, country, type, registration_number) VALUES ('every-393318824-us', 'every-393318824', 'United States', '501(c)(3)', '393318824');

INSERT OR IGNORE INTO nonprofits (id, slug, name, tagline, mission, description, website, donation_url, country, city, region, founded_year, annual_budget_usd, budget_year, team_size, beneficiaries_per_year, contact_email, verified, ghd_aligned) VALUES (
  'every-831315424',
  'york-county-youth-mental-health-alliance',
  'York County Youth Mental Health Alliance',
  '',
  'An organization focused on mental health and crisis intervention. It received its nonprofit status in 2020.',
  'An organization focused on mental health and crisis intervention. It received its nonprofit status in 2020.',
  '',
  'https://www.every.org/york-county-youth-mental-health-alliance#/donate',
  'United States',
  '',
  '',
  NULL,
  NULL,
  NULL,
  NULL,
  NULL,
  '',
  1,
  0
);

INSERT OR IGNORE INTO nonprofit_causes (nonprofit_id, cause_id) VALUES ('every-831315424', 'mental-health');
INSERT OR IGNORE INTO nonprofit_causes (nonprofit_id, cause_id) VALUES ('every-831315424', 'youth-empowerment');

INSERT OR IGNORE INTO registrations (id, nonprofit_id, country, type, registration_number) VALUES ('every-831315424-us', 'every-831315424', 'United States', '501(c)(3)', '831315424');

INSERT OR IGNORE INTO nonprofits (id, slug, name, tagline, mission, description, website, donation_url, country, city, region, founded_year, annual_budget_usd, budget_year, team_size, beneficiaries_per_year, contact_email, verified, ghd_aligned) VALUES (
  'every-844129533',
  'stay-solid-youth-mental-behavioral-health-awareness-inc',
  'Stay Solid Youth Mental Behavioral Health Awareness Inc',
  '',
  'An organization focused on mental health and crisis intervention. It received its nonprofit status in 2020.',
  'An organization focused on mental health and crisis intervention. It received its nonprofit status in 2020.',
  '',
  'https://www.every.org/stay-solid-youth-mental-behavioral-health-awareness-inc#/donate',
  'United States',
  '',
  '',
  NULL,
  NULL,
  NULL,
  NULL,
  NULL,
  '',
  1,
  0
);

INSERT OR IGNORE INTO nonprofit_causes (nonprofit_id, cause_id) VALUES ('every-844129533', 'mental-health');
INSERT OR IGNORE INTO nonprofit_causes (nonprofit_id, cause_id) VALUES ('every-844129533', 'youth-empowerment');

INSERT OR IGNORE INTO registrations (id, nonprofit_id, country, type, registration_number) VALUES ('every-844129533-us', 'every-844129533', 'United States', '501(c)(3)', '844129533');

INSERT OR IGNORE INTO nonprofits (id, slug, name, tagline, mission, description, website, donation_url, country, city, region, founded_year, annual_budget_usd, budget_year, team_size, beneficiaries_per_year, contact_email, verified, ghd_aligned) VALUES (
  'every-834530487',
  'touching-hearts-foundation-youths-with-mental-health-corp',
  'Touching Hearts Foundation Youths With Mental Health Corp',
  '',
  'Touching Hearts Foundation Youths With Mental Health Corp is a nonprofit religious or spiritual organization. It is based in Decatur, GA. It received its nonprofit status in 2019.',
  'Touching Hearts Foundation Youths With Mental Health Corp is a nonprofit religious or spiritual organization. It is based in Decatur, GA. It received its nonprofit status in 2019.',
  '',
  'https://www.every.org/touching-hearts-foundation-youths-with-mental-health-corp#/donate',
  'United States',
  '',
  '',
  NULL,
  NULL,
  NULL,
  NULL,
  NULL,
  '',
  1,
  0
);

INSERT OR IGNORE INTO nonprofit_causes (nonprofit_id, cause_id) VALUES ('every-834530487', 'mental-health');
INSERT OR IGNORE INTO nonprofit_causes (nonprofit_id, cause_id) VALUES ('every-834530487', 'youth-empowerment');

INSERT OR IGNORE INTO registrations (id, nonprofit_id, country, type, registration_number) VALUES ('every-834530487-us', 'every-834530487', 'United States', '501(c)(3)', '834530487');

INSERT OR IGNORE INTO nonprofits (id, slug, name, tagline, mission, description, website, donation_url, country, city, region, founded_year, annual_budget_usd, budget_year, team_size, beneficiaries_per_year, contact_email, verified, ghd_aligned) VALUES (
  'every-871812821',
  'youth-asian-american-mental-health-association',
  'Youth Asian-American Mental Health Association',
  '',
  'An organization focused on mental health and crisis intervention. It received its nonprofit status in 2023.',
  'An organization focused on mental health and crisis intervention. It received its nonprofit status in 2023.',
  '',
  'https://www.every.org/youth-asian-american-mental-health-association#/donate',
  'United States',
  '',
  '',
  NULL,
  NULL,
  NULL,
  NULL,
  NULL,
  '',
  1,
  0
);

INSERT OR IGNORE INTO nonprofit_causes (nonprofit_id, cause_id) VALUES ('every-871812821', 'mental-health');
INSERT OR IGNORE INTO nonprofit_causes (nonprofit_id, cause_id) VALUES ('every-871812821', 'youth-empowerment');

INSERT OR IGNORE INTO registrations (id, nonprofit_id, country, type, registration_number) VALUES ('every-871812821-us', 'every-871812821', 'United States', '501(c)(3)', '871812821');

INSERT OR IGNORE INTO nonprofits (id, slug, name, tagline, mission, description, website, donation_url, country, city, region, founded_year, annual_budget_usd, budget_year, team_size, beneficiaries_per_year, contact_email, verified, ghd_aligned) VALUES (
  'every-993459244',
  'nustyle-youth-entrepreneurship-program',
  'Nustyle Youth Entrepreneurship Program',
  '',
  'An organization focused on public or societal benefit. It received its nonprofit status in 2024.',
  'An organization focused on public or societal benefit. It received its nonprofit status in 2024.',
  '',
  'https://www.every.org/nustyle-youth-entrepreneurship-program#/donate',
  'United States',
  '',
  '',
  NULL,
  NULL,
  NULL,
  NULL,
  NULL,
  '',
  1,
  0
);

INSERT OR IGNORE INTO nonprofit_causes (nonprofit_id, cause_id) VALUES ('every-993459244', 'entrepreneurship');
INSERT OR IGNORE INTO nonprofit_causes (nonprofit_id, cause_id) VALUES ('every-993459244', 'youth-empowerment');

INSERT OR IGNORE INTO registrations (id, nonprofit_id, country, type, registration_number) VALUES ('every-993459244-us', 'every-993459244', 'United States', '501(c)(3)', '993459244');

INSERT OR IGNORE INTO nonprofits (id, slug, name, tagline, mission, description, website, donation_url, country, city, region, founded_year, annual_budget_usd, budget_year, team_size, beneficiaries_per_year, contact_email, verified, ghd_aligned) VALUES (
  'every-852347912',
  'project-for-youth-entrepreneurship',
  'Project For Youth Entrepreneurship',
  '',
  'An organization focused on youth development. It received its nonprofit status in 2020.',
  'An organization focused on youth development. It received its nonprofit status in 2020.',
  '',
  'https://www.every.org/project-for-youth-entrepreneurship#/donate',
  'United States',
  '',
  '',
  NULL,
  NULL,
  NULL,
  NULL,
  NULL,
  '',
  1,
  0
);

INSERT OR IGNORE INTO nonprofit_causes (nonprofit_id, cause_id) VALUES ('every-852347912', 'entrepreneurship');
INSERT OR IGNORE INTO nonprofit_causes (nonprofit_id, cause_id) VALUES ('every-852347912', 'youth-empowerment');

INSERT OR IGNORE INTO registrations (id, nonprofit_id, country, type, registration_number) VALUES ('every-852347912-us', 'every-852347912', 'United States', '501(c)(3)', '852347912');

INSERT OR IGNORE INTO nonprofits (id, slug, name, tagline, mission, description, website, donation_url, country, city, region, founded_year, annual_budget_usd, budget_year, team_size, beneficiaries_per_year, contact_email, verified, ghd_aligned) VALUES (
  'every-842836537',
  'youth-entrepreneurship-league',
  'Youth Entrepreneurship League',
  '',
  'An organization focused on youth development. It received its nonprofit status in 2020.',
  'An organization focused on youth development. It received its nonprofit status in 2020.',
  '',
  'https://www.every.org/youth-entrepreneurship-league#/donate',
  'United States',
  '',
  '',
  NULL,
  NULL,
  NULL,
  NULL,
  NULL,
  '',
  1,
  0
);

INSERT OR IGNORE INTO nonprofit_causes (nonprofit_id, cause_id) VALUES ('every-842836537', 'entrepreneurship');
INSERT OR IGNORE INTO nonprofit_causes (nonprofit_id, cause_id) VALUES ('every-842836537', 'youth-empowerment');

INSERT OR IGNORE INTO registrations (id, nonprofit_id, country, type, registration_number) VALUES ('every-842836537-us', 'every-842836537', 'United States', '501(c)(3)', '842836537');

INSERT OR IGNORE INTO nonprofits (id, slug, name, tagline, mission, description, website, donation_url, country, city, region, founded_year, annual_budget_usd, budget_year, team_size, beneficiaries_per_year, contact_email, verified, ghd_aligned) VALUES (
  'every-990633054',
  'helping-youth-pursue-entrepreneurship',
  'Helping Youth Pursue Entrepreneurship',
  '',
  'An organization focused on youth development. It received its nonprofit status in 2023.',
  'An organization focused on youth development. It received its nonprofit status in 2023.',
  '',
  'https://www.every.org/helping-youth-pursue-entrepreneurship#/donate',
  'United States',
  '',
  '',
  NULL,
  NULL,
  NULL,
  NULL,
  NULL,
  '',
  1,
  0
);

INSERT OR IGNORE INTO nonprofit_causes (nonprofit_id, cause_id) VALUES ('every-990633054', 'entrepreneurship');
INSERT OR IGNORE INTO nonprofit_causes (nonprofit_id, cause_id) VALUES ('every-990633054', 'youth-empowerment');

INSERT OR IGNORE INTO registrations (id, nonprofit_id, country, type, registration_number) VALUES ('every-990633054-us', 'every-990633054', 'United States', '501(c)(3)', '990633054');

INSERT OR IGNORE INTO nonprofits (id, slug, name, tagline, mission, description, website, donation_url, country, city, region, founded_year, annual_budget_usd, budget_year, team_size, beneficiaries_per_year, contact_email, verified, ghd_aligned) VALUES (
  'every-871222058',
  'youth-entrepreneurship-and-finance-association-inc',
  'Youth Entrepreneurship And Finance Association Inc',
  '',
  'An organization focused on education. It received its nonprofit status in 2021.',
  'An organization focused on education. It received its nonprofit status in 2021.',
  '',
  'https://www.every.org/youth-entrepreneurship-and-finance-association-inc#/donate',
  'United States',
  '',
  '',
  NULL,
  NULL,
  NULL,
  NULL,
  NULL,
  '',
  1,
  0
);

INSERT OR IGNORE INTO nonprofit_causes (nonprofit_id, cause_id) VALUES ('every-871222058', 'entrepreneurship');
INSERT OR IGNORE INTO nonprofit_causes (nonprofit_id, cause_id) VALUES ('every-871222058', 'youth-empowerment');

INSERT OR IGNORE INTO registrations (id, nonprofit_id, country, type, registration_number) VALUES ('every-871222058-us', 'every-871222058', 'United States', '501(c)(3)', '871222058');

INSERT OR IGNORE INTO nonprofits (id, slug, name, tagline, mission, description, website, donation_url, country, city, region, founded_year, annual_budget_usd, budget_year, team_size, beneficiaries_per_year, contact_email, verified, ghd_aligned) VALUES (
  'every-992272785',
  'youth-entrepreneurship-initiatives',
  'Youth Entrepreneurship Initiatives',
  '',
  'An organization focused on youth development. It received its nonprofit status in 2024.',
  'An organization focused on youth development. It received its nonprofit status in 2024.',
  '',
  'https://www.every.org/youth-entrepreneurship-initiatives#/donate',
  'United States',
  '',
  '',
  NULL,
  NULL,
  NULL,
  NULL,
  NULL,
  '',
  1,
  0
);

INSERT OR IGNORE INTO nonprofit_causes (nonprofit_id, cause_id) VALUES ('every-992272785', 'entrepreneurship');
INSERT OR IGNORE INTO nonprofit_causes (nonprofit_id, cause_id) VALUES ('every-992272785', 'youth-empowerment');

INSERT OR IGNORE INTO registrations (id, nonprofit_id, country, type, registration_number) VALUES ('every-992272785-us', 'every-992272785', 'United States', '501(c)(3)', '992272785');

INSERT OR IGNORE INTO nonprofits (id, slug, name, tagline, mission, description, website, donation_url, country, city, region, founded_year, annual_budget_usd, budget_year, team_size, beneficiaries_per_year, contact_email, verified, ghd_aligned) VALUES (
  'every-993456479',
  'youth-entrepreneurship-services',
  'Youth Entrepreneurship Services',
  '',
  'An organization focused on youth development. It received its nonprofit status in 2024.',
  'An organization focused on youth development. It received its nonprofit status in 2024.',
  '',
  'https://www.every.org/youth-entrepreneurship-services#/donate',
  'United States',
  '',
  '',
  NULL,
  NULL,
  NULL,
  NULL,
  NULL,
  '',
  1,
  0
);

INSERT OR IGNORE INTO nonprofit_causes (nonprofit_id, cause_id) VALUES ('every-993456479', 'entrepreneurship');
INSERT OR IGNORE INTO nonprofit_causes (nonprofit_id, cause_id) VALUES ('every-993456479', 'youth-empowerment');

INSERT OR IGNORE INTO registrations (id, nonprofit_id, country, type, registration_number) VALUES ('every-993456479-us', 'every-993456479', 'United States', '501(c)(3)', '993456479');

INSERT OR IGNORE INTO nonprofits (id, slug, name, tagline, mission, description, website, donation_url, country, city, region, founded_year, annual_budget_usd, budget_year, team_size, beneficiaries_per_year, contact_email, verified, ghd_aligned) VALUES (
  'every-333869427',
  'springboard-youth-arts-and-entrepreneurship-program',
  'Springboard - Youth Arts And Entrepreneurship Program',
  '',
  'An organization focused on arts, culture, or humanities. It received its nonprofit status in 2025.',
  'An organization focused on arts, culture, or humanities. It received its nonprofit status in 2025.',
  '',
  'https://www.every.org/springboard-youth-arts-and-entrepreneurship-program#/donate',
  'United States',
  '',
  '',
  NULL,
  NULL,
  NULL,
  NULL,
  NULL,
  '',
  1,
  0
);

INSERT OR IGNORE INTO nonprofit_causes (nonprofit_id, cause_id) VALUES ('every-333869427', 'entrepreneurship');
INSERT OR IGNORE INTO nonprofit_causes (nonprofit_id, cause_id) VALUES ('every-333869427', 'youth-empowerment');

INSERT OR IGNORE INTO registrations (id, nonprofit_id, country, type, registration_number) VALUES ('every-333869427-us', 'every-333869427', 'United States', '501(c)(3)', '333869427');

INSERT OR IGNORE INTO nonprofits (id, slug, name, tagline, mission, description, website, donation_url, country, city, region, founded_year, annual_budget_usd, budget_year, team_size, beneficiaries_per_year, contact_email, verified, ghd_aligned) VALUES (
  'every-920592326',
  'students-youth-in-leadership-entrepreneurship-n-technology',
  'Students & Youth In Leadership Entrepreneurship N Technology',
  '',
  'An organization focused on education. It received its nonprofit status in 2023.',
  'An organization focused on education. It received its nonprofit status in 2023.',
  '',
  'https://www.every.org/students-youth-in-leadership-entrepreneurship-n-technology#/donate',
  'United States',
  '',
  '',
  NULL,
  NULL,
  NULL,
  NULL,
  NULL,
  '',
  1,
  0
);

INSERT OR IGNORE INTO nonprofit_causes (nonprofit_id, cause_id) VALUES ('every-920592326', 'entrepreneurship');
INSERT OR IGNORE INTO nonprofit_causes (nonprofit_id, cause_id) VALUES ('every-920592326', 'youth-empowerment');

INSERT OR IGNORE INTO registrations (id, nonprofit_id, country, type, registration_number) VALUES ('every-920592326-us', 'every-920592326', 'United States', '501(c)(3)', '920592326');

INSERT OR IGNORE INTO nonprofits (id, slug, name, tagline, mission, description, website, donation_url, country, city, region, founded_year, annual_budget_usd, budget_year, team_size, beneficiaries_per_year, contact_email, verified, ghd_aligned) VALUES (
  'every-522255046',
  'perico-institute-for-youth-developement-entrepreneurship',
  'Perico Institute For Youth Developement & Entrepreneurship',
  '',
  'Perico Institute For Youth Developement & Entrepreneurship is a nonprofit organization focused on youth development. It is based in Jackson, MS. It received its nonprofit status in 2003.',
  'Perico Institute For Youth Developement & Entrepreneurship is a nonprofit organization focused on youth development. It is based in Jackson, MS. It received its nonprofit status in 2003.',
  '',
  'https://www.every.org/perico-institute-for-youth-developement-and-entrepreneurship#/donate',
  'United States',
  '',
  '',
  NULL,
  NULL,
  NULL,
  NULL,
  NULL,
  '',
  1,
  0
);

INSERT OR IGNORE INTO nonprofit_causes (nonprofit_id, cause_id) VALUES ('every-522255046', 'entrepreneurship');
INSERT OR IGNORE INTO nonprofit_causes (nonprofit_id, cause_id) VALUES ('every-522255046', 'youth-empowerment');

INSERT OR IGNORE INTO registrations (id, nonprofit_id, country, type, registration_number) VALUES ('every-522255046-us', 'every-522255046', 'United States', '501(c)(3)', '522255046');

INSERT OR IGNORE INTO nonprofits (id, slug, name, tagline, mission, description, website, donation_url, country, city, region, founded_year, annual_budget_usd, budget_year, team_size, beneficiaries_per_year, contact_email, verified, ghd_aligned) VALUES (
  'every-061689014',
  'youth-entrepreneurship-development-foundation-cdc',
  'Youth Entrepreneurship Development Foundation Cdc',
  '',
  'Youth Entrepreneurship Development Foundation Cdc is a nonprofit organization focused on youth development. It is based in Bethesda, MD. It received its nonprofit status in 2003.',
  'Youth Entrepreneurship Development Foundation Cdc is a nonprofit organization focused on youth development. It is based in Bethesda, MD. It received its nonprofit status in 2003.',
  '',
  'https://www.every.org/youth-entrepreneurship-development-foundation-cdc#/donate',
  'United States',
  '',
  '',
  NULL,
  NULL,
  NULL,
  NULL,
  NULL,
  '',
  1,
  0
);

INSERT OR IGNORE INTO nonprofit_causes (nonprofit_id, cause_id) VALUES ('every-061689014', 'entrepreneurship');
INSERT OR IGNORE INTO nonprofit_causes (nonprofit_id, cause_id) VALUES ('every-061689014', 'youth-empowerment');

INSERT OR IGNORE INTO registrations (id, nonprofit_id, country, type, registration_number) VALUES ('every-061689014-us', 'every-061689014', 'United States', '501(c)(3)', '061689014');

INSERT OR IGNORE INTO nonprofits (id, slug, name, tagline, mission, description, website, donation_url, country, city, region, founded_year, annual_budget_usd, budget_year, team_size, beneficiaries_per_year, contact_email, verified, ghd_aligned) VALUES (
  'every-522180998',
  'institute-for-youth-entrepreneurship-education-inc',
  'Institute For Youth Entrepreneurship Education Inc',
  '',
  'Institute For Youth Entrepreneurship Education Inc is a nonprofit organization focused on education. It is based in Sicklerville, NJ. It received its nonprofit status in 1999.',
  'Institute For Youth Entrepreneurship Education Inc is a nonprofit organization focused on education. It is based in Sicklerville, NJ. It received its nonprofit status in 1999.',
  '',
  'https://www.every.org/institute-for-youth-entrepreneurship-education-inc#/donate',
  'United States',
  '',
  '',
  NULL,
  NULL,
  NULL,
  NULL,
  NULL,
  '',
  1,
  0
);

INSERT OR IGNORE INTO nonprofit_causes (nonprofit_id, cause_id) VALUES ('every-522180998', 'entrepreneurship');
INSERT OR IGNORE INTO nonprofit_causes (nonprofit_id, cause_id) VALUES ('every-522180998', 'youth-empowerment');

INSERT OR IGNORE INTO registrations (id, nonprofit_id, country, type, registration_number) VALUES ('every-522180998-us', 'every-522180998', 'United States', '501(c)(3)', '522180998');

INSERT OR IGNORE INTO nonprofits (id, slug, name, tagline, mission, description, website, donation_url, country, city, region, founded_year, annual_budget_usd, budget_year, team_size, beneficiaries_per_year, contact_email, verified, ghd_aligned) VALUES (
  'every-332700017',
  'youth-entrepreneurship-for-positive-peace-inc',
  'Youth Entrepreneurship For Positive Peace Inc',
  '',
  'An organization focused on providing human services. It received its nonprofit status in 2025.',
  'An organization focused on providing human services. It received its nonprofit status in 2025.',
  '',
  'https://www.every.org/youth-entrepreneurship-for-positive-peace-inc#/donate',
  'United States',
  '',
  '',
  NULL,
  NULL,
  NULL,
  NULL,
  NULL,
  '',
  1,
  0
);

INSERT OR IGNORE INTO nonprofit_causes (nonprofit_id, cause_id) VALUES ('every-332700017', 'entrepreneurship');
INSERT OR IGNORE INTO nonprofit_causes (nonprofit_id, cause_id) VALUES ('every-332700017', 'youth-empowerment');

INSERT OR IGNORE INTO registrations (id, nonprofit_id, country, type, registration_number) VALUES ('every-332700017-us', 'every-332700017', 'United States', '501(c)(3)', '332700017');

INSERT OR IGNORE INTO nonprofits (id, slug, name, tagline, mission, description, website, donation_url, country, city, region, founded_year, annual_budget_usd, budget_year, team_size, beneficiaries_per_year, contact_email, verified, ghd_aligned) VALUES (
  'every-203562766',
  'yescarolina-youth-entrepreneurship-in-south-carolina',
  'YEScarolina  Youth Entrepreneurship in South Carolina',
  '',
  'In South Carolina dedicated to teaching youth the principles of entrepreneurship and free enterprise. We are preparing today’s youth to be tomorrow’s business owners and business leaders.',
  'In South Carolina dedicated to teaching youth the principles of entrepreneurship and free enterprise. We are preparing today’s youth to be tomorrow’s business owners and business leaders.',
  'http://yescarolina.com/#',
  'https://www.every.org/yescarolina#/donate',
  'United States',
  '',
  '',
  NULL,
  NULL,
  NULL,
  NULL,
  NULL,
  '',
  1,
  0
);

INSERT OR IGNORE INTO nonprofit_causes (nonprofit_id, cause_id) VALUES ('every-203562766', 'entrepreneurship');
INSERT OR IGNORE INTO nonprofit_causes (nonprofit_id, cause_id) VALUES ('every-203562766', 'youth-empowerment');

INSERT OR IGNORE INTO registrations (id, nonprofit_id, country, type, registration_number) VALUES ('every-203562766-us', 'every-203562766', 'United States', '501(c)(3)', '203562766');

INSERT OR IGNORE INTO nonprofits (id, slug, name, tagline, mission, description, website, donation_url, country, city, region, founded_year, annual_budget_usd, budget_year, team_size, beneficiaries_per_year, contact_email, verified, ghd_aligned) VALUES (
  'every-852000494',
  'creative-youth-performing-arts-collaborative-inc',
  'Creative Youth Performing Arts Collaborative Inc',
  '',
  'An organization focused on arts, culture, or humanities. It received its nonprofit status in 2020.',
  'An organization focused on arts, culture, or humanities. It received its nonprofit status in 2020.',
  '',
  'https://www.every.org/creative-youth-performing-arts-collaborative-inc#/donate',
  'United States',
  '',
  '',
  NULL,
  NULL,
  NULL,
  NULL,
  NULL,
  '',
  1,
  0
);

INSERT OR IGNORE INTO nonprofit_causes (nonprofit_id, cause_id) VALUES ('every-852000494', 'creative-arts');
INSERT OR IGNORE INTO nonprofit_causes (nonprofit_id, cause_id) VALUES ('every-852000494', 'youth-empowerment');

INSERT OR IGNORE INTO registrations (id, nonprofit_id, country, type, registration_number) VALUES ('every-852000494-us', 'every-852000494', 'United States', '501(c)(3)', '852000494');

INSERT OR IGNORE INTO nonprofits (id, slug, name, tagline, mission, description, website, donation_url, country, city, region, founded_year, annual_budget_usd, budget_year, team_size, beneficiaries_per_year, contact_email, verified, ghd_aligned) VALUES (
  'every-331918856',
  'poiema-youth-center-for-music-creative-arts',
  'Poiema Youth Center For Music & Creative Arts',
  '',
  'An organization focused on arts, culture, or humanities. It received its nonprofit status in 2024.',
  'An organization focused on arts, culture, or humanities. It received its nonprofit status in 2024.',
  '',
  'https://www.every.org/poiema-youth-center-for-music-creative-arts#/donate',
  'United States',
  '',
  '',
  NULL,
  NULL,
  NULL,
  NULL,
  NULL,
  '',
  1,
  0
);

INSERT OR IGNORE INTO nonprofit_causes (nonprofit_id, cause_id) VALUES ('every-331918856', 'creative-arts');
INSERT OR IGNORE INTO nonprofit_causes (nonprofit_id, cause_id) VALUES ('every-331918856', 'youth-empowerment');

INSERT OR IGNORE INTO registrations (id, nonprofit_id, country, type, registration_number) VALUES ('every-331918856-us', 'every-331918856', 'United States', '501(c)(3)', '331918856');

INSERT OR IGNORE INTO nonprofits (id, slug, name, tagline, mission, description, website, donation_url, country, city, region, founded_year, annual_budget_usd, budget_year, team_size, beneficiaries_per_year, contact_email, verified, ghd_aligned) VALUES (
  'every-882668633',
  'community-youth-development-organization',
  'Community & Youth Development Organization',
  '',
  'An organization focused on youth development. It received its nonprofit status in 2023.',
  'An organization focused on youth development. It received its nonprofit status in 2023.',
  '',
  'https://www.every.org/community-youth-development-organization#/donate',
  'United States',
  '',
  '',
  NULL,
  NULL,
  NULL,
  NULL,
  NULL,
  '',
  1,
  0
);

INSERT OR IGNORE INTO nonprofit_causes (nonprofit_id, cause_id) VALUES ('every-882668633', 'community-development');
INSERT OR IGNORE INTO nonprofit_causes (nonprofit_id, cause_id) VALUES ('every-882668633', 'youth-empowerment');

INSERT OR IGNORE INTO registrations (id, nonprofit_id, country, type, registration_number) VALUES ('every-882668633-us', 'every-882668633', 'United States', '501(c)(3)', '882668633');

INSERT OR IGNORE INTO nonprofits (id, slug, name, tagline, mission, description, website, donation_url, country, city, region, founded_year, annual_budget_usd, budget_year, team_size, beneficiaries_per_year, contact_email, verified, ghd_aligned) VALUES (
  'every-813793296',
  'justifying-our-youth-community-development-program',
  'Justifying Our Youth Community Development Program',
  '',
  'Justifying Our Youth Community Development Program is a nonprofit organization focused on youth development. It is based in Thomaston, GA. It received its nonprofit status in 2016.',
  'Justifying Our Youth Community Development Program is a nonprofit organization focused on youth development. It is based in Thomaston, GA. It received its nonprofit status in 2016.',
  '',
  'https://www.every.org/justifying-our-youth-community-development-program#/donate',
  'United States',
  '',
  '',
  NULL,
  NULL,
  NULL,
  NULL,
  NULL,
  '',
  1,
  0
);

INSERT OR IGNORE INTO nonprofit_causes (nonprofit_id, cause_id) VALUES ('every-813793296', 'community-development');
INSERT OR IGNORE INTO nonprofit_causes (nonprofit_id, cause_id) VALUES ('every-813793296', 'youth-empowerment');

INSERT OR IGNORE INTO registrations (id, nonprofit_id, country, type, registration_number) VALUES ('every-813793296-us', 'every-813793296', 'United States', '501(c)(3)', '813793296');

INSERT OR IGNORE INTO nonprofits (id, slug, name, tagline, mission, description, website, donation_url, country, city, region, founded_year, annual_budget_usd, budget_year, team_size, beneficiaries_per_year, contact_email, verified, ghd_aligned) VALUES (
  'every-824419653',
  'questa-youth-community-development',
  'Questa Youth & Community Development',
  '',
  'Questa Youth & Community Development is a nonprofit organization focused on youth development. It is based in Questa, NM. It received its nonprofit status in 2019.',
  'Questa Youth & Community Development is a nonprofit organization focused on youth development. It is based in Questa, NM. It received its nonprofit status in 2019.',
  '',
  'https://www.every.org/questa-youth-and-community-development#/donate',
  'United States',
  '',
  '',
  NULL,
  NULL,
  NULL,
  NULL,
  NULL,
  '',
  1,
  0
);

INSERT OR IGNORE INTO nonprofit_causes (nonprofit_id, cause_id) VALUES ('every-824419653', 'community-development');
INSERT OR IGNORE INTO nonprofit_causes (nonprofit_id, cause_id) VALUES ('every-824419653', 'youth-empowerment');

INSERT OR IGNORE INTO registrations (id, nonprofit_id, country, type, registration_number) VALUES ('every-824419653-us', 'every-824419653', 'United States', '501(c)(3)', '824419653');

INSERT OR IGNORE INTO nonprofits (id, slug, name, tagline, mission, description, website, donation_url, country, city, region, founded_year, annual_budget_usd, budget_year, team_size, beneficiaries_per_year, contact_email, verified, ghd_aligned) VALUES (
  'every-862838135',
  'elite-youth-and-community-development-program',
  'Elite Youth And Community Development Program',
  '',
  'An organization focused on youth development. It received its nonprofit status in 2021.',
  'An organization focused on youth development. It received its nonprofit status in 2021.',
  '',
  'https://www.every.org/elite-youth-and-community-development-program#/donate',
  'United States',
  '',
  '',
  NULL,
  NULL,
  NULL,
  NULL,
  NULL,
  '',
  1,
  0
);

INSERT OR IGNORE INTO nonprofit_causes (nonprofit_id, cause_id) VALUES ('every-862838135', 'community-development');
INSERT OR IGNORE INTO nonprofit_causes (nonprofit_id, cause_id) VALUES ('every-862838135', 'youth-empowerment');

INSERT OR IGNORE INTO registrations (id, nonprofit_id, country, type, registration_number) VALUES ('every-862838135-us', 'every-862838135', 'United States', '501(c)(3)', '862838135');

INSERT OR IGNORE INTO nonprofits (id, slug, name, tagline, mission, description, website, donation_url, country, city, region, founded_year, annual_budget_usd, budget_year, team_size, beneficiaries_per_year, contact_email, verified, ghd_aligned) VALUES (
  'every-455309317',
  'youth-impact-community-development-programs-incorporated',
  'Youth Impact Community Development Programs Incorporated',
  '',
  'Youth Impact Community Development Programs Incorporated is a nonprofit organization focused on youth development. It is based in Lithonia, GA. It received its nonprofit status in 2013.',
  'Youth Impact Community Development Programs Incorporated is a nonprofit organization focused on youth development. It is based in Lithonia, GA. It received its nonprofit status in 2013.',
  '',
  'https://www.every.org/youth-impact-community-development-programs-incorporated#/donate',
  'United States',
  '',
  '',
  NULL,
  NULL,
  NULL,
  NULL,
  NULL,
  '',
  1,
  0
);

INSERT OR IGNORE INTO nonprofit_causes (nonprofit_id, cause_id) VALUES ('every-455309317', 'community-development');
INSERT OR IGNORE INTO nonprofit_causes (nonprofit_id, cause_id) VALUES ('every-455309317', 'youth-empowerment');

INSERT OR IGNORE INTO registrations (id, nonprofit_id, country, type, registration_number) VALUES ('every-455309317-us', 'every-455309317', 'United States', '501(c)(3)', '455309317');

INSERT OR IGNORE INTO nonprofits (id, slug, name, tagline, mission, description, website, donation_url, country, city, region, founded_year, annual_budget_usd, budget_year, team_size, beneficiaries_per_year, contact_email, verified, ghd_aligned) VALUES (
  'every-824223820',
  'mario-youth-community-development-center',
  'Mario Youth Community Development Center',
  '',
  'Mario Youth Community Development Center is a nonprofit organization focused on arts, culture, or humanities. It is based in Jonesboro, GA. It received its nonprofit status in 2018.',
  'Mario Youth Community Development Center is a nonprofit organization focused on arts, culture, or humanities. It is based in Jonesboro, GA. It received its nonprofit status in 2018.',
  '',
  'https://www.every.org/mario-youth-community-development-center#/donate',
  'United States',
  '',
  '',
  NULL,
  NULL,
  NULL,
  NULL,
  NULL,
  '',
  1,
  0
);

INSERT OR IGNORE INTO nonprofit_causes (nonprofit_id, cause_id) VALUES ('every-824223820', 'community-development');
INSERT OR IGNORE INTO nonprofit_causes (nonprofit_id, cause_id) VALUES ('every-824223820', 'youth-empowerment');

INSERT OR IGNORE INTO registrations (id, nonprofit_id, country, type, registration_number) VALUES ('every-824223820-us', 'every-824223820', 'United States', '501(c)(3)', '824223820');

INSERT OR IGNORE INTO nonprofits (id, slug, name, tagline, mission, description, website, donation_url, country, city, region, founded_year, annual_budget_usd, budget_year, team_size, beneficiaries_per_year, contact_email, verified, ghd_aligned) VALUES (
  'every-471316960',
  'institute-for-youth-leadership-and-community-development',
  'Institute For Youth Leadership And Community Development',
  '',
  'Institute For Youth Leadership And Community Development is a nonprofit organization focused on youth development. It is based in Chicago, IL. It received its nonprofit status in 2014.',
  'Institute For Youth Leadership And Community Development is a nonprofit organization focused on youth development. It is based in Chicago, IL. It received its nonprofit status in 2014.',
  '',
  'https://www.every.org/institute-for-youth-leadership-and-community-development#/donate',
  'United States',
  '',
  '',
  NULL,
  NULL,
  NULL,
  NULL,
  NULL,
  '',
  1,
  0
);

INSERT OR IGNORE INTO nonprofit_causes (nonprofit_id, cause_id) VALUES ('every-471316960', 'community-development');
INSERT OR IGNORE INTO nonprofit_causes (nonprofit_id, cause_id) VALUES ('every-471316960', 'youth-empowerment');

INSERT OR IGNORE INTO registrations (id, nonprofit_id, country, type, registration_number) VALUES ('every-471316960-us', 'every-471316960', 'United States', '501(c)(3)', '471316960');

INSERT OR IGNORE INTO nonprofits (id, slug, name, tagline, mission, description, website, donation_url, country, city, region, founded_year, annual_budget_usd, budget_year, team_size, beneficiaries_per_year, contact_email, verified, ghd_aligned) VALUES (
  'every-760094378',
  'george-foreman-youth-and-community-development-center',
  'George Foreman Youth And Community Development Center',
  '',
  'George Foreman Youth And Community Development Center is a nonprofit organization. It is based in Kingwood, TX. It received its nonprofit status in 1985.',
  'George Foreman Youth And Community Development Center is a nonprofit organization. It is based in Kingwood, TX. It received its nonprofit status in 1985.',
  '',
  'https://www.every.org/george-foreman-youth-and-community-development-center#/donate',
  'United States',
  '',
  '',
  NULL,
  NULL,
  NULL,
  NULL,
  NULL,
  '',
  1,
  0
);

INSERT OR IGNORE INTO nonprofit_causes (nonprofit_id, cause_id) VALUES ('every-760094378', 'community-development');
INSERT OR IGNORE INTO nonprofit_causes (nonprofit_id, cause_id) VALUES ('every-760094378', 'youth-empowerment');

INSERT OR IGNORE INTO registrations (id, nonprofit_id, country, type, registration_number) VALUES ('every-760094378-us', 'every-760094378', 'United States', '501(c)(3)', '760094378');

INSERT OR IGNORE INTO nonprofits (id, slug, name, tagline, mission, description, website, donation_url, country, city, region, founded_year, annual_budget_usd, budget_year, team_size, beneficiaries_per_year, contact_email, verified, ghd_aligned) VALUES (
  'every-261160933',
  'mt-moriah-youth-community-development-inc',
  'Mt Moriah Youth Community Development Inc',
  '',
  'Mt Moriah Youth Community Development Inc is a nonprofit organization focused on education. It is based in Griffin, GA. It received its nonprofit status in 2011.',
  'Mt Moriah Youth Community Development Inc is a nonprofit organization focused on education. It is based in Griffin, GA. It received its nonprofit status in 2011.',
  '',
  'https://www.every.org/mt-moriah-youth-community-development-inc#/donate',
  'United States',
  '',
  '',
  NULL,
  NULL,
  NULL,
  NULL,
  NULL,
  '',
  1,
  0
);

INSERT OR IGNORE INTO nonprofit_causes (nonprofit_id, cause_id) VALUES ('every-261160933', 'community-development');
INSERT OR IGNORE INTO nonprofit_causes (nonprofit_id, cause_id) VALUES ('every-261160933', 'youth-empowerment');

INSERT OR IGNORE INTO registrations (id, nonprofit_id, country, type, registration_number) VALUES ('every-261160933-us', 'every-261160933', 'United States', '501(c)(3)', '261160933');

INSERT OR IGNORE INTO nonprofits (id, slug, name, tagline, mission, description, website, donation_url, country, city, region, founded_year, annual_budget_usd, budget_year, team_size, beneficiaries_per_year, contact_email, verified, ghd_aligned) VALUES (
  'every-640952164',
  'the-center-for-youth-and-community-development-inc',
  'The Center For Youth And Community Development Inc',
  '',
  'The Center For Youth And Community Development Inc is a nonprofit organization focused on community development. It is based in Gettysburg, PA. It received its nonprofit status in 2007.',
  'The Center For Youth And Community Development Inc is a nonprofit organization focused on community development. It is based in Gettysburg, PA. It received its nonprofit status in 2007.',
  '',
  'https://www.every.org/the-center-for-youth-and-community-development-inc#/donate',
  'United States',
  '',
  '',
  NULL,
  NULL,
  NULL,
  NULL,
  NULL,
  '',
  1,
  0
);

INSERT OR IGNORE INTO nonprofit_causes (nonprofit_id, cause_id) VALUES ('every-640952164', 'community-development');
INSERT OR IGNORE INTO nonprofit_causes (nonprofit_id, cause_id) VALUES ('every-640952164', 'youth-empowerment');
INSERT OR IGNORE INTO nonprofit_causes (nonprofit_id, cause_id) VALUES ('every-640952164', 'poverty-reduction');

INSERT OR IGNORE INTO registrations (id, nonprofit_id, country, type, registration_number) VALUES ('every-640952164-us', 'every-640952164', 'United States', '501(c)(3)', '640952164');

INSERT OR IGNORE INTO nonprofits (id, slug, name, tagline, mission, description, website, donation_url, country, city, region, founded_year, annual_budget_usd, budget_year, team_size, beneficiaries_per_year, contact_email, verified, ghd_aligned) VALUES (
  'every-364553825',
  'community-and-youth-development-of-dupage-county',
  'Community And Youth Development Of Dupage County',
  '',
  'Community And Youth Development Of Dupage County is a nonprofit organization focused on youth development. It is based in Lisle, IL. It received its nonprofit status in 2012.',
  'Community And Youth Development Of Dupage County is a nonprofit organization focused on youth development. It is based in Lisle, IL. It received its nonprofit status in 2012.',
  '',
  'https://www.every.org/community-and-youth-development-of-dupage-county#/donate',
  'United States',
  '',
  '',
  NULL,
  NULL,
  NULL,
  NULL,
  NULL,
  '',
  1,
  0
);

INSERT OR IGNORE INTO nonprofit_causes (nonprofit_id, cause_id) VALUES ('every-364553825', 'community-development');
INSERT OR IGNORE INTO nonprofit_causes (nonprofit_id, cause_id) VALUES ('every-364553825', 'youth-empowerment');

INSERT OR IGNORE INTO registrations (id, nonprofit_id, country, type, registration_number) VALUES ('every-364553825-us', 'every-364553825', 'United States', '501(c)(3)', '364553825');

INSERT OR IGNORE INTO nonprofits (id, slug, name, tagline, mission, description, website, donation_url, country, city, region, founded_year, annual_budget_usd, budget_year, team_size, beneficiaries_per_year, contact_email, verified, ghd_aligned) VALUES (
  'every-300575533',
  'neighborhood-youth-community-development',
  'Neighborhood Youth Community Development',
  '',
  'Neighborhood Youth Community Development is a nonprofit organization focused on education. It is based in Brooklyn Park, MN. It received its nonprofit status in 2009.',
  'Neighborhood Youth Community Development is a nonprofit organization focused on education. It is based in Brooklyn Park, MN. It received its nonprofit status in 2009.',
  '',
  'https://www.every.org/neighborhood-youth-community-development#/donate',
  'United States',
  '',
  '',
  NULL,
  NULL,
  NULL,
  NULL,
  NULL,
  '',
  1,
  0
);

INSERT OR IGNORE INTO nonprofit_causes (nonprofit_id, cause_id) VALUES ('every-300575533', 'community-development');
INSERT OR IGNORE INTO nonprofit_causes (nonprofit_id, cause_id) VALUES ('every-300575533', 'youth-empowerment');

INSERT OR IGNORE INTO registrations (id, nonprofit_id, country, type, registration_number) VALUES ('every-300575533-us', 'every-300575533', 'United States', '501(c)(3)', '300575533');

INSERT OR IGNORE INTO nonprofits (id, slug, name, tagline, mission, description, website, donation_url, country, city, region, founded_year, annual_budget_usd, budget_year, team_size, beneficiaries_per_year, contact_email, verified, ghd_aligned) VALUES (
  'every-464851783',
  'community-works-youth-development',
  'Community Works Youth Development',
  '',
  'Community Works Youth Development is a nonprofit organization focused on youth development. It is based in Los Angeles, CA. It received its nonprofit status in 2014.',
  'Community Works Youth Development is a nonprofit organization focused on youth development. It is based in Los Angeles, CA. It received its nonprofit status in 2014.',
  'mycommunityworks.org',
  'https://www.every.org/community-works-youth-development#/donate',
  'United States',
  '',
  '',
  NULL,
  NULL,
  NULL,
  NULL,
  NULL,
  '',
  1,
  0
);

INSERT OR IGNORE INTO nonprofit_causes (nonprofit_id, cause_id) VALUES ('every-464851783', 'community-development');
INSERT OR IGNORE INTO nonprofit_causes (nonprofit_id, cause_id) VALUES ('every-464851783', 'youth-empowerment');

INSERT OR IGNORE INTO registrations (id, nonprofit_id, country, type, registration_number) VALUES ('every-464851783-us', 'every-464851783', 'United States', '501(c)(3)', '464851783');

INSERT OR IGNORE INTO nonprofits (id, slug, name, tagline, mission, description, website, donation_url, country, city, region, founded_year, annual_budget_usd, budget_year, team_size, beneficiaries_per_year, contact_email, verified, ghd_aligned) VALUES (
  'every-994914560',
  'youth-empowerment-community-development-corporation',
  'Youth Empowerment Community Development Corporation',
  '',
  'An organization focused on youth development. It received its nonprofit status in 2024.',
  'An organization focused on youth development. It received its nonprofit status in 2024.',
  '',
  'https://www.every.org/youth-empowerment-community-development-corporation#/donate',
  'United States',
  '',
  '',
  NULL,
  NULL,
  NULL,
  NULL,
  NULL,
  '',
  1,
  0
);

INSERT OR IGNORE INTO nonprofit_causes (nonprofit_id, cause_id) VALUES ('every-994914560', 'community-development');
INSERT OR IGNORE INTO nonprofit_causes (nonprofit_id, cause_id) VALUES ('every-994914560', 'youth-empowerment');

INSERT OR IGNORE INTO registrations (id, nonprofit_id, country, type, registration_number) VALUES ('every-994914560-us', 'every-994914560', 'United States', '501(c)(3)', '994914560');

INSERT OR IGNORE INTO nonprofits (id, slug, name, tagline, mission, description, website, donation_url, country, city, region, founded_year, annual_budget_usd, budget_year, team_size, beneficiaries_per_year, contact_email, verified, ghd_aligned) VALUES (
  'every-413486531',
  'fkm-youth-and-community-development',
  'Fkm Youth And Community Development',
  '',
  'An organization focused on youth development. It received its nonprofit status in 2025.',
  'An organization focused on youth development. It received its nonprofit status in 2025.',
  '',
  'https://www.every.org/fkm-youth-and-community-development#/donate',
  'United States',
  '',
  '',
  NULL,
  NULL,
  NULL,
  NULL,
  NULL,
  '',
  1,
  0
);

INSERT OR IGNORE INTO nonprofit_causes (nonprofit_id, cause_id) VALUES ('every-413486531', 'community-development');
INSERT OR IGNORE INTO nonprofit_causes (nonprofit_id, cause_id) VALUES ('every-413486531', 'youth-empowerment');

INSERT OR IGNORE INTO registrations (id, nonprofit_id, country, type, registration_number) VALUES ('every-413486531-us', 'every-413486531', 'United States', '501(c)(3)', '413486531');

INSERT OR IGNORE INTO nonprofits (id, slug, name, tagline, mission, description, website, donation_url, country, city, region, founded_year, annual_budget_usd, budget_year, team_size, beneficiaries_per_year, contact_email, verified, ghd_aligned) VALUES (
  'every-834558841',
  'wamufat-youth-community-development-foundation',
  'Wamufat Youth Community Development Foundation',
  '',
  'Wamufat Youth Community Development Foundation is a nonprofit organization focused on community development. It is based in Santa Monica, CA. It received its nonprofit status in 2019.',
  'Wamufat Youth Community Development Foundation is a nonprofit organization focused on community development. It is based in Santa Monica, CA. It received its nonprofit status in 2019.',
  '',
  'https://www.every.org/wamufat-youth-community-development-foundation#/donate',
  'United States',
  '',
  '',
  NULL,
  NULL,
  NULL,
  NULL,
  NULL,
  '',
  1,
  0
);

INSERT OR IGNORE INTO nonprofit_causes (nonprofit_id, cause_id) VALUES ('every-834558841', 'community-development');
INSERT OR IGNORE INTO nonprofit_causes (nonprofit_id, cause_id) VALUES ('every-834558841', 'youth-empowerment');

INSERT OR IGNORE INTO registrations (id, nonprofit_id, country, type, registration_number) VALUES ('every-834558841-us', 'every-834558841', 'United States', '501(c)(3)', '834558841');

INSERT OR IGNORE INTO nonprofits (id, slug, name, tagline, mission, description, website, donation_url, country, city, region, founded_year, annual_budget_usd, budget_year, team_size, beneficiaries_per_year, contact_email, verified, ghd_aligned) VALUES (
  'every-852578826',
  'youth-builder-community-development-corporation',
  'Youth Builder Community Development Corporation',
  '',
  'An organization focused on youth development. It received its nonprofit status in 2021.',
  'An organization focused on youth development. It received its nonprofit status in 2021.',
  '',
  'https://www.every.org/youth-builder-community-development-corporation#/donate',
  'United States',
  '',
  '',
  NULL,
  NULL,
  NULL,
  NULL,
  NULL,
  '',
  1,
  0
);

INSERT OR IGNORE INTO nonprofit_causes (nonprofit_id, cause_id) VALUES ('every-852578826', 'community-development');
INSERT OR IGNORE INTO nonprofit_causes (nonprofit_id, cause_id) VALUES ('every-852578826', 'youth-empowerment');

INSERT OR IGNORE INTO registrations (id, nonprofit_id, country, type, registration_number) VALUES ('every-852578826-us', 'every-852578826', 'United States', '501(c)(3)', '852578826');

INSERT OR IGNORE INTO nonprofits (id, slug, name, tagline, mission, description, website, donation_url, country, city, region, founded_year, annual_budget_usd, budget_year, team_size, beneficiaries_per_year, contact_email, verified, ghd_aligned) VALUES (
  'every-311617513',
  'community-partners-youth-development-organization',
  'Community Partners Youth Development Organization',
  '',
  'Community Partners Youth Development Organization is a nonprofit organization focused on youth development. It is based in Columbus, OH. It received its nonprofit status in 2001.',
  'Community Partners Youth Development Organization is a nonprofit organization focused on youth development. It is based in Columbus, OH. It received its nonprofit status in 2001.',
  '',
  'https://www.every.org/community-partners-youth-development-organization#/donate',
  'United States',
  '',
  '',
  NULL,
  NULL,
  NULL,
  NULL,
  NULL,
  '',
  1,
  0
);

INSERT OR IGNORE INTO nonprofit_causes (nonprofit_id, cause_id) VALUES ('every-311617513', 'community-development');
INSERT OR IGNORE INTO nonprofit_causes (nonprofit_id, cause_id) VALUES ('every-311617513', 'youth-empowerment');

INSERT OR IGNORE INTO registrations (id, nonprofit_id, country, type, registration_number) VALUES ('every-311617513-us', 'every-311617513', 'United States', '501(c)(3)', '311617513');

INSERT OR IGNORE INTO nonprofits (id, slug, name, tagline, mission, description, website, donation_url, country, city, region, founded_year, annual_budget_usd, budget_year, team_size, beneficiaries_per_year, contact_email, verified, ghd_aligned) VALUES (
  'every-550676350',
  'fairmont-community-youth-development-center',
  'Fairmont Community Youth Development Center',
  '',
  'Fairmont Community Youth Development Center is a nonprofit organization focused on youth development. It is based in Fairmont, WV. It received its nonprofit status in 2013.',
  'Fairmont Community Youth Development Center is a nonprofit organization focused on youth development. It is based in Fairmont, WV. It received its nonprofit status in 2013.',
  '',
  'https://www.every.org/fairmont-community-youth-development-center#/donate',
  'United States',
  '',
  '',
  NULL,
  NULL,
  NULL,
  NULL,
  NULL,
  '',
  1,
  0
);

INSERT OR IGNORE INTO nonprofit_causes (nonprofit_id, cause_id) VALUES ('every-550676350', 'community-development');
INSERT OR IGNORE INTO nonprofit_causes (nonprofit_id, cause_id) VALUES ('every-550676350', 'youth-empowerment');

INSERT OR IGNORE INTO registrations (id, nonprofit_id, country, type, registration_number) VALUES ('every-550676350-us', 'every-550676350', 'United States', '501(c)(3)', '550676350');

INSERT OR IGNORE INTO nonprofits (id, slug, name, tagline, mission, description, website, donation_url, country, city, region, founded_year, annual_budget_usd, budget_year, team_size, beneficiaries_per_year, contact_email, verified, ghd_aligned) VALUES (
  'every-452765852',
  'dream-youth-center-community-development-corporation',
  'Dream Youth Center Community Development Corporation',
  '',
  'Dream Youth Center Community Development Corporation is a nonprofit organization focused on providing human services. It is based in Chicago, IL. It received its nonprofit status in 2013.',
  'Dream Youth Center Community Development Corporation is a nonprofit organization focused on providing human services. It is based in Chicago, IL. It received its nonprofit status in 2013.',
  '',
  'https://www.every.org/dream-youth-center-community-development-corporation#/donate',
  'United States',
  '',
  '',
  NULL,
  NULL,
  NULL,
  NULL,
  NULL,
  '',
  1,
  0
);

INSERT OR IGNORE INTO nonprofit_causes (nonprofit_id, cause_id) VALUES ('every-452765852', 'community-development');
INSERT OR IGNORE INTO nonprofit_causes (nonprofit_id, cause_id) VALUES ('every-452765852', 'youth-empowerment');

INSERT OR IGNORE INTO registrations (id, nonprofit_id, country, type, registration_number) VALUES ('every-452765852-us', 'every-452765852', 'United States', '501(c)(3)', '452765852');

INSERT OR IGNORE INTO nonprofits (id, slug, name, tagline, mission, description, website, donation_url, country, city, region, founded_year, annual_budget_usd, budget_year, team_size, beneficiaries_per_year, contact_email, verified, ghd_aligned) VALUES (
  'every-842755751',
  'dots-youth-community-development-corporation',
  'Dots Youth Community Development Corporation',
  '',
  'An organization focused on youth development. It received its nonprofit status in 2020.',
  'An organization focused on youth development. It received its nonprofit status in 2020.',
  '',
  'https://www.every.org/dots-youth-community-development-corporation#/donate',
  'United States',
  '',
  '',
  NULL,
  NULL,
  NULL,
  NULL,
  NULL,
  '',
  1,
  0
);

INSERT OR IGNORE INTO nonprofit_causes (nonprofit_id, cause_id) VALUES ('every-842755751', 'community-development');
INSERT OR IGNORE INTO nonprofit_causes (nonprofit_id, cause_id) VALUES ('every-842755751', 'youth-empowerment');

INSERT OR IGNORE INTO registrations (id, nonprofit_id, country, type, registration_number) VALUES ('every-842755751-us', 'every-842755751', 'United States', '501(c)(3)', '842755751');

INSERT OR IGNORE INTO nonprofits (id, slug, name, tagline, mission, description, website, donation_url, country, city, region, founded_year, annual_budget_usd, budget_year, team_size, beneficiaries_per_year, contact_email, verified, ghd_aligned) VALUES (
  'every-202186731',
  'triumph-youth-and-adult-community-development-corporation',
  'Triumph Youth And Adult Community Development Corporation',
  '',
  'Triumph Youth And Adult Community Development Corporation is a nonprofit organization focused on providing human services. It is based in Bessemer, AL. It received its nonprofit status in 2005.',
  'Triumph Youth And Adult Community Development Corporation is a nonprofit organization focused on providing human services. It is based in Bessemer, AL. It received its nonprofit status in 2005.',
  '',
  'https://www.every.org/triumph-youth-and-adult-community-development-corporation#/donate',
  'United States',
  '',
  '',
  NULL,
  NULL,
  NULL,
  NULL,
  NULL,
  '',
  1,
  0
);

INSERT OR IGNORE INTO nonprofit_causes (nonprofit_id, cause_id) VALUES ('every-202186731', 'community-development');
INSERT OR IGNORE INTO nonprofit_causes (nonprofit_id, cause_id) VALUES ('every-202186731', 'youth-empowerment');

INSERT OR IGNORE INTO registrations (id, nonprofit_id, country, type, registration_number) VALUES ('every-202186731-us', 'every-202186731', 'United States', '501(c)(3)', '202186731');

INSERT OR IGNORE INTO nonprofits (id, slug, name, tagline, mission, description, website, donation_url, country, city, region, founded_year, annual_budget_usd, budget_year, team_size, beneficiaries_per_year, contact_email, verified, ghd_aligned) VALUES (
  'every-333496936',
  'litchfield-community-youth-development-program',
  'Litchfield Community Youth Development Program',
  '',
  'An organization focused on youth development. It received its nonprofit status in 2025.',
  'An organization focused on youth development. It received its nonprofit status in 2025.',
  '',
  'https://www.every.org/litchfield-community-youth-development-program#/donate',
  'United States',
  '',
  '',
  NULL,
  NULL,
  NULL,
  NULL,
  NULL,
  '',
  1,
  0
);

INSERT OR IGNORE INTO nonprofit_causes (nonprofit_id, cause_id) VALUES ('every-333496936', 'community-development');
INSERT OR IGNORE INTO nonprofit_causes (nonprofit_id, cause_id) VALUES ('every-333496936', 'youth-empowerment');

INSERT OR IGNORE INTO registrations (id, nonprofit_id, country, type, registration_number) VALUES ('every-333496936-us', 'every-333496936', 'United States', '501(c)(3)', '333496936');

INSERT OR IGNORE INTO nonprofits (id, slug, name, tagline, mission, description, website, donation_url, country, city, region, founded_year, annual_budget_usd, budget_year, team_size, beneficiaries_per_year, contact_email, verified, ghd_aligned) VALUES (
  'every-631152145',
  'camden-community-youth-development-center-inc',
  'Camden Community Youth Development Center Inc',
  '',
  'Camden Community Youth Development Center Inc is a nonprofit organization focused on crime and laws. It is based in Camden, AL. It received its nonprofit status in 1997.',
  'Camden Community Youth Development Center Inc is a nonprofit organization focused on crime and laws. It is based in Camden, AL. It received its nonprofit status in 1997.',
  '',
  'https://www.every.org/camden-community-youth-development-center-inc#/donate',
  'United States',
  '',
  '',
  NULL,
  NULL,
  NULL,
  NULL,
  NULL,
  '',
  1,
  0
);

INSERT OR IGNORE INTO nonprofit_causes (nonprofit_id, cause_id) VALUES ('every-631152145', 'community-development');
INSERT OR IGNORE INTO nonprofit_causes (nonprofit_id, cause_id) VALUES ('every-631152145', 'youth-empowerment');

INSERT OR IGNORE INTO registrations (id, nonprofit_id, country, type, registration_number) VALUES ('every-631152145-us', 'every-631152145', 'United States', '501(c)(3)', '631152145');

INSERT OR IGNORE INTO nonprofits (id, slug, name, tagline, mission, description, website, donation_url, country, city, region, founded_year, annual_budget_usd, budget_year, team_size, beneficiaries_per_year, contact_email, verified, ghd_aligned) VALUES (
  'every-550847707',
  'family-youth-community-development-program-inc',
  'Family Youth Community Development Program Inc',
  '',
  'Family Youth Community Development Program Inc is a nonprofit organization focused on youth development. It is based in Greencastle, IN. It received its nonprofit status in 2016.',
  'Family Youth Community Development Program Inc is a nonprofit organization focused on youth development. It is based in Greencastle, IN. It received its nonprofit status in 2016.',
  '',
  'https://www.every.org/family-youth-community-development-program-inc#/donate',
  'United States',
  '',
  '',
  NULL,
  NULL,
  NULL,
  NULL,
  NULL,
  '',
  1,
  0
);

INSERT OR IGNORE INTO nonprofit_causes (nonprofit_id, cause_id) VALUES ('every-550847707', 'community-development');
INSERT OR IGNORE INTO nonprofit_causes (nonprofit_id, cause_id) VALUES ('every-550847707', 'youth-empowerment');

INSERT OR IGNORE INTO registrations (id, nonprofit_id, country, type, registration_number) VALUES ('every-550847707-us', 'every-550847707', 'United States', '501(c)(3)', '550847707');

INSERT OR IGNORE INTO nonprofits (id, slug, name, tagline, mission, description, website, donation_url, country, city, region, founded_year, annual_budget_usd, budget_year, team_size, beneficiaries_per_year, contact_email, verified, ghd_aligned) VALUES (
  'every-471269510',
  'chapters-youth-and-community-development-inc',
  'Chapters Youth And Community Development Inc',
  '',
  'Chapters Youth And Community Development Inc is a nonprofit organization focused on youth development. It is based in Maplewood, NJ. It received its nonprofit status in 2015.',
  'Chapters Youth And Community Development Inc is a nonprofit organization focused on youth development. It is based in Maplewood, NJ. It received its nonprofit status in 2015.',
  '',
  'https://www.every.org/chapters-youth-and-community-development-inc#/donate',
  'United States',
  '',
  '',
  NULL,
  NULL,
  NULL,
  NULL,
  NULL,
  '',
  1,
  0
);

INSERT OR IGNORE INTO nonprofit_causes (nonprofit_id, cause_id) VALUES ('every-471269510', 'community-development');
INSERT OR IGNORE INTO nonprofit_causes (nonprofit_id, cause_id) VALUES ('every-471269510', 'youth-empowerment');

INSERT OR IGNORE INTO registrations (id, nonprofit_id, country, type, registration_number) VALUES ('every-471269510-us', 'every-471269510', 'United States', '501(c)(3)', '471269510');

INSERT OR IGNORE INTO nonprofits (id, slug, name, tagline, mission, description, website, donation_url, country, city, region, founded_year, annual_budget_usd, budget_year, team_size, beneficiaries_per_year, contact_email, verified, ghd_aligned) VALUES (
  'every-475502164',
  'southeast-youth-and-community-development-alliance',
  'Southeast Youth And Community Development Alliance',
  '',
  'Southeast Youth And Community Development Alliance is a nonprofit organization focused on youth development. It is based in Baytown, TX. It received its nonprofit status in 2016.',
  'Southeast Youth And Community Development Alliance is a nonprofit organization focused on youth development. It is based in Baytown, TX. It received its nonprofit status in 2016.',
  '',
  'https://www.every.org/southeast-youth-and-community-development-alliance#/donate',
  'United States',
  '',
  '',
  NULL,
  NULL,
  NULL,
  NULL,
  NULL,
  '',
  1,
  0
);

INSERT OR IGNORE INTO nonprofit_causes (nonprofit_id, cause_id) VALUES ('every-475502164', 'community-development');
INSERT OR IGNORE INTO nonprofit_causes (nonprofit_id, cause_id) VALUES ('every-475502164', 'youth-empowerment');

INSERT OR IGNORE INTO registrations (id, nonprofit_id, country, type, registration_number) VALUES ('every-475502164-us', 'every-475502164', 'United States', '501(c)(3)', '475502164');

INSERT OR IGNORE INTO nonprofits (id, slug, name, tagline, mission, description, website, donation_url, country, city, region, founded_year, annual_budget_usd, budget_year, team_size, beneficiaries_per_year, contact_email, verified, ghd_aligned) VALUES (
  'every-922039813',
  'west-african-youth-and-community-development-inc',
  'West African Youth And Community Development Inc',
  '',
  'An organization focused on youth development. It received its nonprofit status in 2023.',
  'An organization focused on youth development. It received its nonprofit status in 2023.',
  '',
  'https://www.every.org/west-african-youth-and-community-development-inc#/donate',
  'United States',
  '',
  '',
  NULL,
  NULL,
  NULL,
  NULL,
  NULL,
  '',
  1,
  0
);

INSERT OR IGNORE INTO nonprofit_causes (nonprofit_id, cause_id) VALUES ('every-922039813', 'community-development');
INSERT OR IGNORE INTO nonprofit_causes (nonprofit_id, cause_id) VALUES ('every-922039813', 'youth-empowerment');

INSERT OR IGNORE INTO registrations (id, nonprofit_id, country, type, registration_number) VALUES ('every-922039813-us', 'every-922039813', 'United States', '501(c)(3)', '922039813');

INSERT OR IGNORE INTO nonprofits (id, slug, name, tagline, mission, description, website, donation_url, country, city, region, founded_year, annual_budget_usd, budget_year, team_size, beneficiaries_per_year, contact_email, verified, ghd_aligned) VALUES (
  'every-454298125',
  'powhatan-youth-wrestling-and-community-development-incorporated',
  'Powhatan Youth Wrestling and Community Development Incorporated',
  '',
  'Powhatan Youth Wrestling and Community Development Incorporated is a nonprofit organization focused on recreation, sports, leisure, or athletics. It is based in Powhatan, VA. It received its nonprofit status in 2012.',
  'Powhatan Youth Wrestling and Community Development Incorporated is a nonprofit organization focused on recreation, sports, leisure, or athletics. It is based in Powhatan, VA. It received its nonprofit status in 2012.',
  '',
  'https://www.every.org/powhatan-youth-wrestling-and-community-development-incorporated#/donate',
  'United States',
  '',
  '',
  NULL,
  NULL,
  NULL,
  NULL,
  NULL,
  '',
  1,
  0
);

INSERT OR IGNORE INTO nonprofit_causes (nonprofit_id, cause_id) VALUES ('every-454298125', 'community-development');
INSERT OR IGNORE INTO nonprofit_causes (nonprofit_id, cause_id) VALUES ('every-454298125', 'youth-empowerment');

INSERT OR IGNORE INTO registrations (id, nonprofit_id, country, type, registration_number) VALUES ('every-454298125-us', 'every-454298125', 'United States', '501(c)(3)', '454298125');

INSERT OR IGNORE INTO nonprofits (id, slug, name, tagline, mission, description, website, donation_url, country, city, region, founded_year, annual_budget_usd, budget_year, team_size, beneficiaries_per_year, contact_email, verified, ghd_aligned) VALUES (
  'every-843078018',
  'mt-moriah-east-housing-youth-and-community-development',
  'Mt Moriah East Housing Youth And Community Development',
  '',
  'Mt Moriah East Housing Youth And Community Development is a nonprofit organization focused on community development. It is based in Memphis, TN. It received its nonprofit status in 2019.',
  'Mt Moriah East Housing Youth And Community Development is a nonprofit organization focused on community development. It is based in Memphis, TN. It received its nonprofit status in 2019.',
  '',
  'https://www.every.org/mt-moriah-east-housing-youth-and-community-development#/donate',
  'United States',
  '',
  '',
  NULL,
  NULL,
  NULL,
  NULL,
  NULL,
  '',
  1,
  0
);

INSERT OR IGNORE INTO nonprofit_causes (nonprofit_id, cause_id) VALUES ('every-843078018', 'community-development');
INSERT OR IGNORE INTO nonprofit_causes (nonprofit_id, cause_id) VALUES ('every-843078018', 'youth-empowerment');

INSERT OR IGNORE INTO registrations (id, nonprofit_id, country, type, registration_number) VALUES ('every-843078018-us', 'every-843078018', 'United States', '501(c)(3)', '843078018');

INSERT OR IGNORE INTO nonprofits (id, slug, name, tagline, mission, description, website, donation_url, country, city, region, founded_year, annual_budget_usd, budget_year, team_size, beneficiaries_per_year, contact_email, verified, ghd_aligned) VALUES (
  'every-330674986',
  'upland-community-partnership-for-youth-development-inc',
  'Upland Community Partnership For Youth Development Inc',
  '',
  'Upland Community Partnership For Youth Development Inc is a nonprofit organization focused on crime and laws. It is based in Upland, CA. It received its nonprofit status in 1995.',
  'Upland Community Partnership For Youth Development Inc is a nonprofit organization focused on crime and laws. It is based in Upland, CA. It received its nonprofit status in 1995.',
  '',
  'https://www.every.org/upland-community-partnership-for-youth-development-inc#/donate',
  'United States',
  '',
  '',
  NULL,
  NULL,
  NULL,
  NULL,
  NULL,
  '',
  1,
  0
);

INSERT OR IGNORE INTO nonprofit_causes (nonprofit_id, cause_id) VALUES ('every-330674986', 'community-development');
INSERT OR IGNORE INTO nonprofit_causes (nonprofit_id, cause_id) VALUES ('every-330674986', 'youth-empowerment');

INSERT OR IGNORE INTO registrations (id, nonprofit_id, country, type, registration_number) VALUES ('every-330674986-us', 'every-330674986', 'United States', '501(c)(3)', '330674986');

INSERT OR IGNORE INTO nonprofits (id, slug, name, tagline, mission, description, website, donation_url, country, city, region, founded_year, annual_budget_usd, budget_year, team_size, beneficiaries_per_year, contact_email, verified, ghd_aligned) VALUES (
  'every-562040702',
  'communities-united-for-youth-development',
  'Communities United For Youth Development',
  '',
  'Communities United For Youth Development is a nonprofit organization focused on youth development. It is based in Hope Mills, NC. It received its nonprofit status in 2015.',
  'Communities United For Youth Development is a nonprofit organization focused on youth development. It is based in Hope Mills, NC. It received its nonprofit status in 2015.',
  '',
  'https://www.every.org/communities-united-for-youth-development#/donate',
  'United States',
  '',
  '',
  NULL,
  NULL,
  NULL,
  NULL,
  NULL,
  '',
  1,
  0
);

INSERT OR IGNORE INTO nonprofit_causes (nonprofit_id, cause_id) VALUES ('every-562040702', 'community-development');
INSERT OR IGNORE INTO nonprofit_causes (nonprofit_id, cause_id) VALUES ('every-562040702', 'youth-empowerment');

INSERT OR IGNORE INTO registrations (id, nonprofit_id, country, type, registration_number) VALUES ('every-562040702-us', 'every-562040702', 'United States', '501(c)(3)', '562040702');

INSERT OR IGNORE INTO nonprofits (id, slug, name, tagline, mission, description, website, donation_url, country, city, region, founded_year, annual_budget_usd, budget_year, team_size, beneficiaries_per_year, contact_email, verified, ghd_aligned) VALUES (
  'every-030490678',
  'greater-gadsden-community-youth-life-development-center',
  'Greater Gadsden Community Youth Life Development Center',
  '',
  'An organization. It received its nonprofit status in 2020.',
  'An organization. It received its nonprofit status in 2020.',
  '',
  'https://www.every.org/greater-gadsden-community-youth-life-development-center#/donate',
  'United States',
  '',
  '',
  NULL,
  NULL,
  NULL,
  NULL,
  NULL,
  '',
  1,
  0
);

INSERT OR IGNORE INTO nonprofit_causes (nonprofit_id, cause_id) VALUES ('every-030490678', 'community-development');
INSERT OR IGNORE INTO nonprofit_causes (nonprofit_id, cause_id) VALUES ('every-030490678', 'youth-empowerment');

INSERT OR IGNORE INTO registrations (id, nonprofit_id, country, type, registration_number) VALUES ('every-030490678-us', 'every-030490678', 'United States', '501(c)(3)', '030490678');

INSERT OR IGNORE INTO nonprofits (id, slug, name, tagline, mission, description, website, donation_url, country, city, region, founded_year, annual_budget_usd, budget_year, team_size, beneficiaries_per_year, contact_email, verified, ghd_aligned) VALUES (
  'every-262682316',
  'swisher-county-youth-and-community-development',
  'Swisher County Youth And Community Development',
  '',
  'Swisher County Youth And Community Development is a nonprofit organization focused on community development. It is based in Tulia, TX. It received its nonprofit status in 2009.',
  'Swisher County Youth And Community Development is a nonprofit organization focused on community development. It is based in Tulia, TX. It received its nonprofit status in 2009.',
  '',
  'https://www.every.org/swisher-county-youth-and-community-development#/donate',
  'United States',
  '',
  '',
  NULL,
  NULL,
  NULL,
  NULL,
  NULL,
  '',
  1,
  0
);

INSERT OR IGNORE INTO nonprofit_causes (nonprofit_id, cause_id) VALUES ('every-262682316', 'community-development');
INSERT OR IGNORE INTO nonprofit_causes (nonprofit_id, cause_id) VALUES ('every-262682316', 'youth-empowerment');

INSERT OR IGNORE INTO registrations (id, nonprofit_id, country, type, registration_number) VALUES ('every-262682316-us', 'every-262682316', 'United States', '501(c)(3)', '262682316');

INSERT OR IGNORE INTO nonprofits (id, slug, name, tagline, mission, description, website, donation_url, country, city, region, founded_year, annual_budget_usd, budget_year, team_size, beneficiaries_per_year, contact_email, verified, ghd_aligned) VALUES (
  'every-273151628',
  'moor-house-youth-and-community-development-center-inc',
  'Moor House Youth And Community Development Center Inc',
  '',
  'Moor House Youth And Community Development Center Inc is a nonprofit organization focused on providing human services. It is based in New York, NY. It received its nonprofit status in 2010.',
  'Moor House Youth And Community Development Center Inc is a nonprofit organization focused on providing human services. It is based in New York, NY. It received its nonprofit status in 2010.',
  '',
  'https://www.every.org/moor-house-youth-and-community-development-center-inc#/donate',
  'United States',
  '',
  '',
  NULL,
  NULL,
  NULL,
  NULL,
  NULL,
  '',
  1,
  0
);

INSERT OR IGNORE INTO nonprofit_causes (nonprofit_id, cause_id) VALUES ('every-273151628', 'community-development');
INSERT OR IGNORE INTO nonprofit_causes (nonprofit_id, cause_id) VALUES ('every-273151628', 'youth-empowerment');

INSERT OR IGNORE INTO registrations (id, nonprofit_id, country, type, registration_number) VALUES ('every-273151628-us', 'every-273151628', 'United States', '501(c)(3)', '273151628');

INSERT OR IGNORE INTO nonprofits (id, slug, name, tagline, mission, description, website, donation_url, country, city, region, founded_year, annual_budget_usd, budget_year, team_size, beneficiaries_per_year, contact_email, verified, ghd_aligned) VALUES (
  'every-853666973',
  'house-of-hope-youth-community-development',
  'House Of Hope Youth & Community Development',
  '',
  'An organization focused on youth development. It received its nonprofit status in 2021.',
  'An organization focused on youth development. It received its nonprofit status in 2021.',
  '',
  'https://www.every.org/house-of-hope-youth-and-community-development#/donate',
  'United States',
  '',
  '',
  NULL,
  NULL,
  NULL,
  NULL,
  NULL,
  '',
  1,
  0
);

INSERT OR IGNORE INTO nonprofit_causes (nonprofit_id, cause_id) VALUES ('every-853666973', 'community-development');
INSERT OR IGNORE INTO nonprofit_causes (nonprofit_id, cause_id) VALUES ('every-853666973', 'youth-empowerment');

INSERT OR IGNORE INTO registrations (id, nonprofit_id, country, type, registration_number) VALUES ('every-853666973-us', 'every-853666973', 'United States', '501(c)(3)', '853666973');

INSERT OR IGNORE INTO nonprofits (id, slug, name, tagline, mission, description, website, donation_url, country, city, region, founded_year, annual_budget_usd, budget_year, team_size, beneficiaries_per_year, contact_email, verified, ghd_aligned) VALUES (
  'every-472083105',
  'pinckney-community-youth-development-initiative-foundation',
  'Pinckney Community Youth Development Initiative Foundation',
  '',
  'Pinckney Community Youth Development Initiative Foundation is a nonprofit organization focused on community development. It is based in Pinckney, MI. It received its nonprofit status in 2014.',
  'Pinckney Community Youth Development Initiative Foundation is a nonprofit organization focused on community development. It is based in Pinckney, MI. It received its nonprofit status in 2014.',
  '',
  'https://www.every.org/pinckney-community-youth-development-initiative-foundation#/donate',
  'United States',
  '',
  '',
  NULL,
  NULL,
  NULL,
  NULL,
  NULL,
  '',
  1,
  0
);

INSERT OR IGNORE INTO nonprofit_causes (nonprofit_id, cause_id) VALUES ('every-472083105', 'community-development');
INSERT OR IGNORE INTO nonprofit_causes (nonprofit_id, cause_id) VALUES ('every-472083105', 'youth-empowerment');

INSERT OR IGNORE INTO registrations (id, nonprofit_id, country, type, registration_number) VALUES ('every-472083105-us', 'every-472083105', 'United States', '501(c)(3)', '472083105');

INSERT OR IGNORE INTO nonprofits (id, slug, name, tagline, mission, description, website, donation_url, country, city, region, founded_year, annual_budget_usd, budget_year, team_size, beneficiaries_per_year, contact_email, verified, ghd_aligned) VALUES (
  'every-933419676',
  'mission-community-and-youth-development-organization-inc',
  'Mission Community And Youth Development Organization Inc',
  '',
  'An organization focused on public or societal benefit. It received its nonprofit status in 2023.',
  'An organization focused on public or societal benefit. It received its nonprofit status in 2023.',
  '',
  'https://www.every.org/mission-community-and-youth-development-organization-inc#/donate',
  'United States',
  '',
  '',
  NULL,
  NULL,
  NULL,
  NULL,
  NULL,
  '',
  1,
  0
);

INSERT OR IGNORE INTO nonprofit_causes (nonprofit_id, cause_id) VALUES ('every-933419676', 'community-development');
INSERT OR IGNORE INTO nonprofit_causes (nonprofit_id, cause_id) VALUES ('every-933419676', 'youth-empowerment');

INSERT OR IGNORE INTO registrations (id, nonprofit_id, country, type, registration_number) VALUES ('every-933419676-us', 'every-933419676', 'United States', '501(c)(3)', '933419676');

INSERT OR IGNORE INTO nonprofits (id, slug, name, tagline, mission, description, website, donation_url, country, city, region, founded_year, annual_budget_usd, budget_year, team_size, beneficiaries_per_year, contact_email, verified, ghd_aligned) VALUES (
  'every-383522344',
  'grow-lead-community-and-youth-development',
  'Grow & Lead - Community And Youth Development',
  '',
  'Grow & Lead - Community And Youth Development is a nonprofit organization focused on philanthrophy, voluntarism, or grantmaking. It is based in Marquette, MI. It received its nonprofit status in 2000.',
  'Grow & Lead - Community And Youth Development is a nonprofit organization focused on philanthrophy, voluntarism, or grantmaking. It is based in Marquette, MI. It received its nonprofit status in 2000.',
  'glcyd.org',
  'https://www.every.org/grow-and-lead-community-and-youth-development#/donate',
  'United States',
  '',
  '',
  NULL,
  NULL,
  NULL,
  NULL,
  NULL,
  '',
  1,
  0
);

INSERT OR IGNORE INTO nonprofit_causes (nonprofit_id, cause_id) VALUES ('every-383522344', 'community-development');
INSERT OR IGNORE INTO nonprofit_causes (nonprofit_id, cause_id) VALUES ('every-383522344', 'youth-empowerment');

INSERT OR IGNORE INTO registrations (id, nonprofit_id, country, type, registration_number) VALUES ('every-383522344-us', 'every-383522344', 'United States', '501(c)(3)', '383522344');

INSERT OR IGNORE INTO nonprofits (id, slug, name, tagline, mission, description, website, donation_url, country, city, region, founded_year, annual_budget_usd, budget_year, team_size, beneficiaries_per_year, contact_email, verified, ghd_aligned) VALUES (
  'every-830476106',
  'step-today-youth-community-development-outreach-center',
  'Step Today Youth Community Development Outreach Center',
  '',
  'Step Today Youth Community Development Outreach Center is a nonprofit organization. It is based in Richmond, TX. It received its nonprofit status in 2007.',
  'Step Today Youth Community Development Outreach Center is a nonprofit organization. It is based in Richmond, TX. It received its nonprofit status in 2007.',
  '',
  'https://www.every.org/step-today-youth-community-development-outreach-center#/donate',
  'United States',
  '',
  '',
  NULL,
  NULL,
  NULL,
  NULL,
  NULL,
  '',
  1,
  0
);

INSERT OR IGNORE INTO nonprofit_causes (nonprofit_id, cause_id) VALUES ('every-830476106', 'community-development');
INSERT OR IGNORE INTO nonprofit_causes (nonprofit_id, cause_id) VALUES ('every-830476106', 'youth-empowerment');

INSERT OR IGNORE INTO registrations (id, nonprofit_id, country, type, registration_number) VALUES ('every-830476106-us', 'every-830476106', 'United States', '501(c)(3)', '830476106');

INSERT OR IGNORE INTO nonprofits (id, slug, name, tagline, mission, description, website, donation_url, country, city, region, founded_year, annual_budget_usd, budget_year, team_size, beneficiaries_per_year, contact_email, verified, ghd_aligned) VALUES (
  'every-650235576',
  'omega-youth-community-development-foundation-inc',
  'Omega Youth & Community Development Foundation Inc',
  '',
  'Omega Youth & Community Development Foundation Inc is a nonprofit organization focused on philanthrophy, voluntarism, or grantmaking. It is based in Fort Myers, FL. It received its nonprofit status in 1991.',
  'Omega Youth & Community Development Foundation Inc is a nonprofit organization focused on philanthrophy, voluntarism, or grantmaking. It is based in Fort Myers, FL. It received its nonprofit status in 1991.',
  '',
  'https://www.every.org/omega-youth-and-community-development-foundation-inc#/donate',
  'United States',
  '',
  '',
  NULL,
  NULL,
  NULL,
  NULL,
  NULL,
  '',
  1,
  0
);

INSERT OR IGNORE INTO nonprofit_causes (nonprofit_id, cause_id) VALUES ('every-650235576', 'community-development');
INSERT OR IGNORE INTO nonprofit_causes (nonprofit_id, cause_id) VALUES ('every-650235576', 'youth-empowerment');

INSERT OR IGNORE INTO registrations (id, nonprofit_id, country, type, registration_number) VALUES ('every-650235576-us', 'every-650235576', 'United States', '501(c)(3)', '650235576');

INSERT OR IGNORE INTO nonprofits (id, slug, name, tagline, mission, description, website, donation_url, country, city, region, founded_year, annual_budget_usd, budget_year, team_size, beneficiaries_per_year, contact_email, verified, ghd_aligned) VALUES (
  'every-272228868',
  'lily-baptist-community-outreach-center-and-youth-development-inc',
  'Lily Baptist Community Outreach Center And Youth Development Inc',
  '',
  'Lily Baptist Community Outreach Center And Youth Development Inc is a nonprofit organization focused on youth development. It is based in Pine Hill, AL. It received its nonprofit status in 2014.',
  'Lily Baptist Community Outreach Center And Youth Development Inc is a nonprofit organization focused on youth development. It is based in Pine Hill, AL. It received its nonprofit status in 2014.',
  '',
  'https://www.every.org/lily-baptist-community-outreach-center-and-youth-development-inc#/donate',
  'United States',
  '',
  '',
  NULL,
  NULL,
  NULL,
  NULL,
  NULL,
  '',
  1,
  0
);

INSERT OR IGNORE INTO nonprofit_causes (nonprofit_id, cause_id) VALUES ('every-272228868', 'community-development');
INSERT OR IGNORE INTO nonprofit_causes (nonprofit_id, cause_id) VALUES ('every-272228868', 'youth-empowerment');

INSERT OR IGNORE INTO registrations (id, nonprofit_id, country, type, registration_number) VALUES ('every-272228868-us', 'every-272228868', 'United States', '501(c)(3)', '272228868');

INSERT OR IGNORE INTO nonprofits (id, slug, name, tagline, mission, description, website, donation_url, country, city, region, founded_year, annual_budget_usd, budget_year, team_size, beneficiaries_per_year, contact_email, verified, ghd_aligned) VALUES (
  'every-263257094',
  'kappa-youth-and-community-development-foundation',
  'Kappa Youth And Community Development Foundation',
  '',
  'Kappa Youth And Community Development Foundation is a nonprofit organization focused on philanthrophy, voluntarism, or grantmaking. It is based in Natchez, MS. It received its nonprofit status in 2010.',
  'Kappa Youth And Community Development Foundation is a nonprofit organization focused on philanthrophy, voluntarism, or grantmaking. It is based in Natchez, MS. It received its nonprofit status in 2010.',
  '',
  'https://www.every.org/kappa-youth-and-community-development-foundation#/donate',
  'United States',
  '',
  '',
  NULL,
  NULL,
  NULL,
  NULL,
  NULL,
  '',
  1,
  0
);

INSERT OR IGNORE INTO nonprofit_causes (nonprofit_id, cause_id) VALUES ('every-263257094', 'community-development');
INSERT OR IGNORE INTO nonprofit_causes (nonprofit_id, cause_id) VALUES ('every-263257094', 'youth-empowerment');

INSERT OR IGNORE INTO registrations (id, nonprofit_id, country, type, registration_number) VALUES ('every-263257094-us', 'every-263257094', 'United States', '501(c)(3)', '263257094');

INSERT OR IGNORE INTO nonprofits (id, slug, name, tagline, mission, description, website, donation_url, country, city, region, founded_year, annual_budget_usd, budget_year, team_size, beneficiaries_per_year, contact_email, verified, ghd_aligned) VALUES (
  'every-465109569',
  'new-wave-dance-youth-and-community-development-inc',
  'New Wave Dance Youth And Community Development Inc',
  '',
  'New Wave Dance Youth And Community Development Inc is a nonprofit organization focused on arts, culture, or humanities. It is based in Brooklyn, NY. It received its nonprofit status in 2015.',
  'New Wave Dance Youth And Community Development Inc is a nonprofit organization focused on arts, culture, or humanities. It is based in Brooklyn, NY. It received its nonprofit status in 2015.',
  '',
  'https://www.every.org/new-wave-dance-youth-and-community-development-inc#/donate',
  'United States',
  '',
  '',
  NULL,
  NULL,
  NULL,
  NULL,
  NULL,
  '',
  1,
  0
);

INSERT OR IGNORE INTO nonprofit_causes (nonprofit_id, cause_id) VALUES ('every-465109569', 'community-development');
INSERT OR IGNORE INTO nonprofit_causes (nonprofit_id, cause_id) VALUES ('every-465109569', 'youth-empowerment');

INSERT OR IGNORE INTO registrations (id, nonprofit_id, country, type, registration_number) VALUES ('every-465109569-us', 'every-465109569', 'United States', '501(c)(3)', '465109569');

INSERT OR IGNORE INTO nonprofits (id, slug, name, tagline, mission, description, website, donation_url, country, city, region, founded_year, annual_budget_usd, budget_year, team_size, beneficiaries_per_year, contact_email, verified, ghd_aligned) VALUES (
  'every-452389573',
  'bangladeshi-american-community-development-youth-service-corp',
  'Bangladeshi American Community Development & Youth Service Corp',
  '',
  'Bangladeshi American Community Development & Youth Service Corp is a nonprofit organization focused on philanthrophy, voluntarism, or grantmaking. It is based in Ozone Park, NY. It received its nonprofit status in 2013.',
  'Bangladeshi American Community Development & Youth Service Corp is a nonprofit organization focused on philanthrophy, voluntarism, or grantmaking. It is based in Ozone Park, NY. It received its nonprofit status in 2013.',
  '',
  'https://www.every.org/bangladeshi-american-community-development-and-youth-service-corp#/donate',
  'United States',
  '',
  '',
  NULL,
  NULL,
  NULL,
  NULL,
  NULL,
  '',
  1,
  0
);

INSERT OR IGNORE INTO nonprofit_causes (nonprofit_id, cause_id) VALUES ('every-452389573', 'community-development');
INSERT OR IGNORE INTO nonprofit_causes (nonprofit_id, cause_id) VALUES ('every-452389573', 'youth-empowerment');

INSERT OR IGNORE INTO registrations (id, nonprofit_id, country, type, registration_number) VALUES ('every-452389573-us', 'every-452389573', 'United States', '501(c)(3)', '452389573');

INSERT OR IGNORE INTO nonprofits (id, slug, name, tagline, mission, description, website, donation_url, country, city, region, founded_year, annual_budget_usd, budget_year, team_size, beneficiaries_per_year, contact_email, verified, ghd_aligned) VALUES (
  'every-851735703',
  'born-to-win-community-leaders-and-youth-development',
  'Born To Win Community Leaders And Youth Development',
  '',
  'An organization focused on community development. It received its nonprofit status in 2020.',
  'An organization focused on community development. It received its nonprofit status in 2020.',
  '',
  'https://www.every.org/born-to-win-community-leaders-and-youth-development#/donate',
  'United States',
  '',
  '',
  NULL,
  NULL,
  NULL,
  NULL,
  NULL,
  '',
  1,
  0
);

INSERT OR IGNORE INTO nonprofit_causes (nonprofit_id, cause_id) VALUES ('every-851735703', 'community-development');
INSERT OR IGNORE INTO nonprofit_causes (nonprofit_id, cause_id) VALUES ('every-851735703', 'youth-empowerment');

INSERT OR IGNORE INTO registrations (id, nonprofit_id, country, type, registration_number) VALUES ('every-851735703-us', 'every-851735703', 'United States', '501(c)(3)', '851735703');

INSERT OR IGNORE INTO nonprofits (id, slug, name, tagline, mission, description, website, donation_url, country, city, region, founded_year, annual_budget_usd, budget_year, team_size, beneficiaries_per_year, contact_email, verified, ghd_aligned) VALUES (
  'every-043817336',
  'pamlico-youth-development-community-organization-inc',
  'Pamlico Youth Development Community Organization Inc',
  '',
  'Pamlico Youth Development Community Organization Inc is a nonprofit organization focused on education. It is based in Bayboro, NC. It received its nonprofit status in 2006.',
  'Pamlico Youth Development Community Organization Inc is a nonprofit organization focused on education. It is based in Bayboro, NC. It received its nonprofit status in 2006.',
  '',
  'https://www.every.org/pamlico-youth-development-community-organization-inc#/donate',
  'United States',
  '',
  '',
  NULL,
  NULL,
  NULL,
  NULL,
  NULL,
  '',
  1,
  0
);

INSERT OR IGNORE INTO nonprofit_causes (nonprofit_id, cause_id) VALUES ('every-043817336', 'community-development');
INSERT OR IGNORE INTO nonprofit_causes (nonprofit_id, cause_id) VALUES ('every-043817336', 'youth-empowerment');

INSERT OR IGNORE INTO registrations (id, nonprofit_id, country, type, registration_number) VALUES ('every-043817336-us', 'every-043817336', 'United States', '501(c)(3)', '043817336');

INSERT OR IGNORE INTO nonprofits (id, slug, name, tagline, mission, description, website, donation_url, country, city, region, founded_year, annual_budget_usd, budget_year, team_size, beneficiaries_per_year, contact_email, verified, ghd_aligned) VALUES (
  'every-455266083',
  'inner-l-i-g-h-t-youth-and-community-development-organization-inc',
  'Inner L I G H T Youth And Community Development Organization Inc',
  '',
  'Inner L I G H T Youth And Community Development Organization Inc is a nonprofit organization focused on youth development. It is based in Memphis, TN. It received its nonprofit status in 2017.',
  'Inner L I G H T Youth And Community Development Organization Inc is a nonprofit organization focused on youth development. It is based in Memphis, TN. It received its nonprofit status in 2017.',
  '',
  'https://www.every.org/inner-l-i-g-h-t-youth-and-community-development-organization-inc#/donate',
  'United States',
  '',
  '',
  NULL,
  NULL,
  NULL,
  NULL,
  NULL,
  '',
  1,
  0
);

INSERT OR IGNORE INTO nonprofit_causes (nonprofit_id, cause_id) VALUES ('every-455266083', 'community-development');
INSERT OR IGNORE INTO nonprofit_causes (nonprofit_id, cause_id) VALUES ('every-455266083', 'youth-empowerment');

INSERT OR IGNORE INTO registrations (id, nonprofit_id, country, type, registration_number) VALUES ('every-455266083-us', 'every-455266083', 'United States', '501(c)(3)', '455266083');

INSERT OR IGNORE INTO nonprofits (id, slug, name, tagline, mission, description, website, donation_url, country, city, region, founded_year, annual_budget_usd, budget_year, team_size, beneficiaries_per_year, contact_email, verified, ghd_aligned) VALUES (
  'every-933614858',
  'youth-help-center',
  'Youth Help Center',
  '',
  'An organization focused on youth development. It received its nonprofit status in 2024.',
  'An organization focused on youth development. It received its nonprofit status in 2024.',
  '',
  'https://www.every.org/youth-help-center#/donate',
  'United States',
  '',
  '',
  NULL,
  NULL,
  NULL,
  NULL,
  NULL,
  '',
  1,
  0
);

INSERT OR IGNORE INTO nonprofit_causes (nonprofit_id, cause_id) VALUES ('every-933614858', 'poverty-reduction');
INSERT OR IGNORE INTO nonprofit_causes (nonprofit_id, cause_id) VALUES ('every-933614858', 'youth-empowerment');

INSERT OR IGNORE INTO registrations (id, nonprofit_id, country, type, registration_number) VALUES ('every-933614858-us', 'every-933614858', 'United States', '501(c)(3)', '933614858');

INSERT OR IGNORE INTO nonprofits (id, slug, name, tagline, mission, description, website, donation_url, country, city, region, founded_year, annual_budget_usd, budget_year, team_size, beneficiaries_per_year, contact_email, verified, ghd_aligned) VALUES (
  'every-824803567',
  'youth-against-poverty-and-crimes-inc',
  'Youth Against Poverty And Crimes Inc',
  '',
  'Youth Against Poverty And Crimes Inc is a nonprofit organization focused on youth development. It is based in Burlington, NJ. It received its nonprofit status in 2018.',
  'Youth Against Poverty And Crimes Inc is a nonprofit organization focused on youth development. It is based in Burlington, NJ. It received its nonprofit status in 2018.',
  '',
  'https://www.every.org/youth-against-poverty-and-crimes-inc#/donate',
  'United States',
  '',
  '',
  NULL,
  NULL,
  NULL,
  NULL,
  NULL,
  '',
  1,
  0
);

INSERT OR IGNORE INTO nonprofit_causes (nonprofit_id, cause_id) VALUES ('every-824803567', 'poverty-reduction');
INSERT OR IGNORE INTO nonprofit_causes (nonprofit_id, cause_id) VALUES ('every-824803567', 'youth-empowerment');

INSERT OR IGNORE INTO registrations (id, nonprofit_id, country, type, registration_number) VALUES ('every-824803567-us', 'every-824803567', 'United States', '501(c)(3)', '824803567');

INSERT OR IGNORE INTO nonprofits (id, slug, name, tagline, mission, description, website, donation_url, country, city, region, founded_year, annual_budget_usd, budget_year, team_size, beneficiaries_per_year, contact_email, verified, ghd_aligned) VALUES (
  'every-934207140',
  'youth-equity-project',
  'Youth Equity Project',
  '',
  'An organization focused on mental health and crisis intervention. It received its nonprofit status in 2023.',
  'An organization focused on mental health and crisis intervention. It received its nonprofit status in 2023.',
  '',
  'https://www.every.org/youth-equity-project#/donate',
  'United States',
  '',
  '',
  NULL,
  NULL,
  NULL,
  NULL,
  NULL,
  '',
  1,
  0
);

INSERT OR IGNORE INTO nonprofit_causes (nonprofit_id, cause_id) VALUES ('every-934207140', 'poverty-reduction');
INSERT OR IGNORE INTO nonprofit_causes (nonprofit_id, cause_id) VALUES ('every-934207140', 'youth-empowerment');

INSERT OR IGNORE INTO registrations (id, nonprofit_id, country, type, registration_number) VALUES ('every-934207140-us', 'every-934207140', 'United States', '501(c)(3)', '934207140');

INSERT OR IGNORE INTO nonprofits (id, slug, name, tagline, mission, description, website, donation_url, country, city, region, founded_year, annual_budget_usd, budget_year, team_size, beneficiaries_per_year, contact_email, verified, ghd_aligned) VALUES (
  'every-830943402',
  'youth-community',
  'Youth-Community',
  '',
  'Youth-Community is a nonprofit organization focused on education. It is based in Philadelphia, PA. It received its nonprofit status in 2018.',
  'Youth-Community is a nonprofit organization focused on education. It is based in Philadelphia, PA. It received its nonprofit status in 2018.',
  '',
  'https://www.every.org/youth-community#/donate',
  'United States',
  '',
  '',
  NULL,
  NULL,
  NULL,
  NULL,
  NULL,
  '',
  1,
  0
);

INSERT OR IGNORE INTO nonprofit_causes (nonprofit_id, cause_id) VALUES ('every-830943402', 'poverty-reduction');
INSERT OR IGNORE INTO nonprofit_causes (nonprofit_id, cause_id) VALUES ('every-830943402', 'youth-empowerment');

INSERT OR IGNORE INTO registrations (id, nonprofit_id, country, type, registration_number) VALUES ('every-830943402-us', 'every-830943402', 'United States', '501(c)(3)', '830943402');

INSERT OR IGNORE INTO nonprofits (id, slug, name, tagline, mission, description, website, donation_url, country, city, region, founded_year, annual_budget_usd, budget_year, team_size, beneficiaries_per_year, contact_email, verified, ghd_aligned) VALUES (
  'every-020687131',
  'youth-determined-to-succeed',
  'Youth Determined to Succeed',
  '',
  'Our mission is to inspire and equip youth to develop healthy, responsible lifestyles and become successful community leaders.',
  'Our mission is to inspire and equip youth to develop healthy, responsible lifestyles and become successful community leaders.',
  'http://www.youthdetermined.org',
  'https://www.every.org/youthdetermined#/donate',
  'United States',
  '',
  '',
  NULL,
  NULL,
  NULL,
  NULL,
  NULL,
  '',
  1,
  0
);

INSERT OR IGNORE INTO nonprofit_causes (nonprofit_id, cause_id) VALUES ('every-020687131', 'poverty-reduction');
INSERT OR IGNORE INTO nonprofit_causes (nonprofit_id, cause_id) VALUES ('every-020687131', 'youth-empowerment');

INSERT OR IGNORE INTO registrations (id, nonprofit_id, country, type, registration_number) VALUES ('every-020687131-us', 'every-020687131', 'United States', '501(c)(3)', '020687131');

INSERT OR IGNORE INTO nonprofits (id, slug, name, tagline, mission, description, website, donation_url, country, city, region, founded_year, annual_budget_usd, budget_year, team_size, beneficiaries_per_year, contact_email, verified, ghd_aligned) VALUES (
  'every-631288190',
  'youth-employment-services',
  'Youth Employment Services',
  '',
  'Youth Employment Services is a nonprofit organization focused on youth development. It is based in Birmingham, AL. It received its nonprofit status in 2017.',
  'Youth Employment Services is a nonprofit organization focused on youth development. It is based in Birmingham, AL. It received its nonprofit status in 2017.',
  '',
  'https://www.every.org/youth-employment-services#/donate',
  'United States',
  '',
  '',
  NULL,
  NULL,
  NULL,
  NULL,
  NULL,
  '',
  1,
  0
);

INSERT OR IGNORE INTO nonprofit_causes (nonprofit_id, cause_id) VALUES ('every-631288190', 'poverty-reduction');
INSERT OR IGNORE INTO nonprofit_causes (nonprofit_id, cause_id) VALUES ('every-631288190', 'youth-empowerment');

INSERT OR IGNORE INTO registrations (id, nonprofit_id, country, type, registration_number) VALUES ('every-631288190-us', 'every-631288190', 'United States', '501(c)(3)', '631288190');

INSERT OR IGNORE INTO nonprofits (id, slug, name, tagline, mission, description, website, donation_url, country, city, region, founded_year, annual_budget_usd, budget_year, team_size, beneficiaries_per_year, contact_email, verified, ghd_aligned) VALUES (
  'every-475540173',
  'funding-youth-inspirations',
  'Funding Youth Inspirations',
  '',
  'Funding Youth Inspirations is a nonprofit organization focused on recreation, sports, leisure, or athletics. It is based in Thornton, CO. It received its nonprofit status in 2019.',
  'Funding Youth Inspirations is a nonprofit organization focused on recreation, sports, leisure, or athletics. It is based in Thornton, CO. It received its nonprofit status in 2019.',
  '',
  'https://www.every.org/funding-youth-inspirations#/donate',
  'United States',
  '',
  '',
  NULL,
  NULL,
  NULL,
  NULL,
  NULL,
  '',
  1,
  0
);

INSERT OR IGNORE INTO nonprofit_causes (nonprofit_id, cause_id) VALUES ('every-475540173', 'poverty-reduction');
INSERT OR IGNORE INTO nonprofit_causes (nonprofit_id, cause_id) VALUES ('every-475540173', 'youth-empowerment');

INSERT OR IGNORE INTO registrations (id, nonprofit_id, country, type, registration_number) VALUES ('every-475540173-us', 'every-475540173', 'United States', '501(c)(3)', '475540173');

INSERT OR IGNORE INTO nonprofits (id, slug, name, tagline, mission, description, website, donation_url, country, city, region, founded_year, annual_budget_usd, budget_year, team_size, beneficiaries_per_year, contact_email, verified, ghd_aligned) VALUES (
  'every-261080957',
  'youth-economics-social-service',
  'Youth Economics Social Service',
  '',
  'An organization focused on providing human services. It received its nonprofit status in 2023.',
  'An organization focused on providing human services. It received its nonprofit status in 2023.',
  '',
  'https://www.every.org/youth-economics-social-service#/donate',
  'United States',
  '',
  '',
  NULL,
  NULL,
  NULL,
  NULL,
  NULL,
  '',
  1,
  0
);

INSERT OR IGNORE INTO nonprofit_causes (nonprofit_id, cause_id) VALUES ('every-261080957', 'poverty-reduction');
INSERT OR IGNORE INTO nonprofit_causes (nonprofit_id, cause_id) VALUES ('every-261080957', 'youth-empowerment');

INSERT OR IGNORE INTO registrations (id, nonprofit_id, country, type, registration_number) VALUES ('every-261080957-us', 'every-261080957', 'United States', '501(c)(3)', '261080957');

INSERT OR IGNORE INTO nonprofits (id, slug, name, tagline, mission, description, website, donation_url, country, city, region, founded_year, annual_budget_usd, budget_year, team_size, beneficiaries_per_year, contact_email, verified, ghd_aligned) VALUES (
  'every-862773274',
  'youth-help-youth',
  'Youth Help Youth',
  '',
  'An organization focused on youth development. It received its nonprofit status in 2021.',
  'An organization focused on youth development. It received its nonprofit status in 2021.',
  '',
  'https://www.every.org/youth-help-youth#/donate',
  'United States',
  '',
  '',
  NULL,
  NULL,
  NULL,
  NULL,
  NULL,
  '',
  1,
  0
);

INSERT OR IGNORE INTO nonprofit_causes (nonprofit_id, cause_id) VALUES ('every-862773274', 'poverty-reduction');
INSERT OR IGNORE INTO nonprofit_causes (nonprofit_id, cause_id) VALUES ('every-862773274', 'youth-empowerment');

INSERT OR IGNORE INTO registrations (id, nonprofit_id, country, type, registration_number) VALUES ('every-862773274-us', 'every-862773274', 'United States', '501(c)(3)', '862773274');

INSERT OR IGNORE INTO nonprofits (id, slug, name, tagline, mission, description, website, donation_url, country, city, region, founded_year, annual_budget_usd, budget_year, team_size, beneficiaries_per_year, contact_email, verified, ghd_aligned) VALUES (
  'every-332919236',
  'supporting-youth-participation-corporation',
  'Supporting Youth Participation Corporation',
  '',
  'An organization focused on youth development. It received its nonprofit status in 2025.',
  'An organization focused on youth development. It received its nonprofit status in 2025.',
  '',
  'https://www.every.org/supporting-youth-participation-corporation#/donate',
  'United States',
  '',
  '',
  NULL,
  NULL,
  NULL,
  NULL,
  NULL,
  '',
  1,
  0
);

INSERT OR IGNORE INTO nonprofit_causes (nonprofit_id, cause_id) VALUES ('every-332919236', 'poverty-reduction');
INSERT OR IGNORE INTO nonprofit_causes (nonprofit_id, cause_id) VALUES ('every-332919236', 'youth-empowerment');

INSERT OR IGNORE INTO registrations (id, nonprofit_id, country, type, registration_number) VALUES ('every-332919236-us', 'every-332919236', 'United States', '501(c)(3)', '332919236');

INSERT OR IGNORE INTO nonprofits (id, slug, name, tagline, mission, description, website, donation_url, country, city, region, founded_year, annual_budget_usd, budget_year, team_size, beneficiaries_per_year, contact_email, verified, ghd_aligned) VALUES (
  'every-462369263',
  'youth-community-project',
  'Youth Community Project',
  '',
  'Youth Community Project is a nonprofit organization focused on youth development. It is based in Carrboro, NC. It received its nonprofit status in 2015.',
  'Youth Community Project is a nonprofit organization focused on youth development. It is based in Carrboro, NC. It received its nonprofit status in 2015.',
  'rsnnc.org',
  'https://www.every.org/youth-community-project#/donate',
  'United States',
  '',
  '',
  NULL,
  NULL,
  NULL,
  NULL,
  NULL,
  '',
  1,
  0
);

INSERT OR IGNORE INTO nonprofit_causes (nonprofit_id, cause_id) VALUES ('every-462369263', 'poverty-reduction');
INSERT OR IGNORE INTO nonprofit_causes (nonprofit_id, cause_id) VALUES ('every-462369263', 'youth-empowerment');

INSERT OR IGNORE INTO registrations (id, nonprofit_id, country, type, registration_number) VALUES ('every-462369263-us', 'every-462369263', 'United States', '501(c)(3)', '462369263');

INSERT OR IGNORE INTO nonprofits (id, slug, name, tagline, mission, description, website, donation_url, country, city, region, founded_year, annual_budget_usd, budget_year, team_size, beneficiaries_per_year, contact_email, verified, ghd_aligned) VALUES (
  'every-201034402',
  'youth-community-help-services-inc',
  'Youth Community Help Services Inc',
  '',
  'Youth Community Help Services Inc is a nonprofit organization focused on providing human services. It is based in Miami, FL. It received its nonprofit status in 2008.',
  'Youth Community Help Services Inc is a nonprofit organization focused on providing human services. It is based in Miami, FL. It received its nonprofit status in 2008.',
  '',
  'https://www.every.org/youth-community-help-services-inc#/donate',
  'United States',
  '',
  '',
  NULL,
  NULL,
  NULL,
  NULL,
  NULL,
  '',
  1,
  0
);

INSERT OR IGNORE INTO nonprofit_causes (nonprofit_id, cause_id) VALUES ('every-201034402', 'poverty-reduction');
INSERT OR IGNORE INTO nonprofit_causes (nonprofit_id, cause_id) VALUES ('every-201034402', 'youth-empowerment');

INSERT OR IGNORE INTO registrations (id, nonprofit_id, country, type, registration_number) VALUES ('every-201034402-us', 'every-201034402', 'United States', '501(c)(3)', '201034402');

INSERT OR IGNORE INTO nonprofits (id, slug, name, tagline, mission, description, website, donation_url, country, city, region, founded_year, annual_budget_usd, budget_year, team_size, beneficiaries_per_year, contact_email, verified, ghd_aligned) VALUES (
  'every-364706573',
  'all-about-the-youth-community-center',
  'All About The Youth Community Center',
  '',
  'All About The Youth Community Center is a nonprofit organization focused on education. It is based in Monaca, PA. It received its nonprofit status in 2011.',
  'All About The Youth Community Center is a nonprofit organization focused on education. It is based in Monaca, PA. It received its nonprofit status in 2011.',
  '',
  'https://www.every.org/all-about-the-youth-community-center#/donate',
  'United States',
  '',
  '',
  NULL,
  NULL,
  NULL,
  NULL,
  NULL,
  '',
  1,
  0
);

INSERT OR IGNORE INTO nonprofit_causes (nonprofit_id, cause_id) VALUES ('every-364706573', 'poverty-reduction');
INSERT OR IGNORE INTO nonprofit_causes (nonprofit_id, cause_id) VALUES ('every-364706573', 'youth-empowerment');

INSERT OR IGNORE INTO registrations (id, nonprofit_id, country, type, registration_number) VALUES ('every-364706573-us', 'every-364706573', 'United States', '501(c)(3)', '364706573');

INSERT OR IGNORE INTO nonprofits (id, slug, name, tagline, mission, description, website, donation_url, country, city, region, founded_year, annual_budget_usd, budget_year, team_size, beneficiaries_per_year, contact_email, verified, ghd_aligned) VALUES (
  'every-844442422',
  'youth-equity-project-inc',
  'Youth Equity Project Inc',
  '',
  'An organization focused on youth development. It received its nonprofit status in 2020.',
  'An organization focused on youth development. It received its nonprofit status in 2020.',
  '',
  'https://www.every.org/youth-equity-project-inc#/donate',
  'United States',
  '',
  '',
  NULL,
  NULL,
  NULL,
  NULL,
  NULL,
  '',
  1,
  0
);

INSERT OR IGNORE INTO nonprofit_causes (nonprofit_id, cause_id) VALUES ('every-844442422', 'poverty-reduction');
INSERT OR IGNORE INTO nonprofit_causes (nonprofit_id, cause_id) VALUES ('every-844442422', 'youth-empowerment');

INSERT OR IGNORE INTO registrations (id, nonprofit_id, country, type, registration_number) VALUES ('every-844442422-us', 'every-844442422', 'United States', '501(c)(3)', '844442422');

INSERT OR IGNORE INTO nonprofits (id, slug, name, tagline, mission, description, website, donation_url, country, city, region, founded_year, annual_budget_usd, budget_year, team_size, beneficiaries_per_year, contact_email, verified, ghd_aligned) VALUES (
  'every-863510365',
  'we-help-the-youth',
  'We Help The Youth',
  '',
  'An organization focused on education. It received its nonprofit status in 2021.',
  'An organization focused on education. It received its nonprofit status in 2021.',
  '',
  'https://www.every.org/we-help-the-youth#/donate',
  'United States',
  '',
  '',
  NULL,
  NULL,
  NULL,
  NULL,
  NULL,
  '',
  1,
  0
);

INSERT OR IGNORE INTO nonprofit_causes (nonprofit_id, cause_id) VALUES ('every-863510365', 'poverty-reduction');
INSERT OR IGNORE INTO nonprofit_causes (nonprofit_id, cause_id) VALUES ('every-863510365', 'youth-empowerment');

INSERT OR IGNORE INTO registrations (id, nonprofit_id, country, type, registration_number) VALUES ('every-863510365-us', 'every-863510365', 'United States', '501(c)(3)', '863510365');


